frame_index,cam_0_ts_ms,cam_1_ts_ms,playback_time_ms,latency_0_ms,latency_1_ms,sync_error_ms
0,1777497093654,1777497093618,1777497093815,161,197,36
1,1777497093819,1777497093660,1777497093974,155,314,159
2,1777497093850,1777497093660,1777497094028,178,368,190
3,1777497093933,1777497093683,1777497094088,155,405,250
4,1777497093933,1777497093726,1777497094143,210,417,207
5,1777497093995,1777497093726,1777497094198,203,472,269
6,1777497094084,1777497093726,1777497094255,171,529,358
7,1777497094150,1777497093749,1777497094315,165,566,401
8,1777497094150,1777497093749,1777497094372,222,623,401
9,1777497094200,1777497093749,1777497094430,230,681,451
10,1777497094321,1777497093791,1777497094489,168,698,530
11,1777497094354,1777497093825,1777497094547,193,722,529
12,1777497094451,1777497093825,1777497094605,154,780,626
13,1777497094485,1777497093858,1777497094664,179,806,627
14,1777497094549,1777497093989,1777497094719,170,730,560
15,1777497094620,1777497094017,1777497094776,156,759,603
16,1777497094620,1777497094059,1777497094832,212,773,561
17,1777497094727,1777497094124,1777497094890,163,766,603
18,1777497094754,1777497094216,1777497094948,194,732,538
19,1777497094852,1777497094216,1777497095006,154,790,636
20,1777497094889,1777497094259,1777497095065,176,806,630
21,1777497094954,1777497094293,1777497095122,168,829,661
22,1777497095017,1777497094293,1777497095177,160,884,724
23,1777497095050,1777497094293,1777497095234,184,941,757
24,1777497095121,1777497094293,1777497095292,171,999,828
25,1777497095188,1777497094293,1777497095350,162,1057,895
26,1777497095253,1777497094815,1777497095409,156,594,438
27,1777497095285,1777497094893,1777497095466,181,573,392
28,1777497095319,1777497094893,1777497095522,203,629,426
29,1777497095417,1777497094893,1777497095580,163,687,524
30,1777497095484,1777497094915,1777497095637,153,722,569
31,1777497095527,1777497094915,1777497095693,166,778,612
32,1777497095554,1777497094915,1777497095750,196,835,639
33,1777497095554,1777497094915,1777497095808,254,893,639
34,1777497095619,1777497094915,1777497095867,248,952,704
35,1777497095754,1777497095292,1777497095926,172,634,462
36,1777497095819,1777497095292,1777497095981,162,689,527
37,1777497095885,1777497095389,1777497096038,153,649,496
38,1777497095885,1777497095423,1777497096094,209,671,462
39,1777497095885,1777497095492,1777497096151,266,659,393
40,1777497095885,1777497095548,1777497096207,322,659,337
41,1777497096023,1777497095587,1777497096265,242,678,436
42,1777497096150,1777497095587,1777497096320,170,733,563
43,1777497096194,1777497095587,1777497096377,183,790,607
44,1777497096251,1777497095587,1777497096434,183,847,664
45,1777497096288,1777497095587,1777497096494,206,907,701
46,1777497096360,1777497095587,1777497096553,193,966,773
47,1777497096450,1777497095587,1777497096612,162,1025,863
48,1777497096450,1777497095992,1777497096670,220,678,458
49,1777497096555,1777497095992,1777497096725,170,733,563
50,1777497096587,1777497096057,1777497096783,196,726,530
51,1777497096686,1777497096057,1777497096840,154,783,629
52,1777497096686,1777497096156,1777497096897,211,741,530
53,1777497096784,1777497096190,1777497096954,170,764,594
54,1777497096849,1777497096224,1777497097010,161,786,625
55,1777497096888,1777497096258,1777497097067,179,809,630
56,1777497096954,1777497096258,1777497097124,170,866,696
57,1777497097020,1777497096325,1777497097181,161,856,695
58,1777497097086,1777497096325,1777497097238,152,913,761
59,1777497097119,1777497096325,1777497097295,176,970,794
60,1777497097186,1777497096325,1777497097353,167,1028,861
61,1777497097252,1777497096858,1777497097409,157,551,394
62,1777497097285,1777497096959,1777497097464,179,505,326
63,1777497097352,1777497096980,1777497097520,168,540,372
64,1777497097417,1777497096980,1777497097575,158,595,437
65,1777497097462,1777497097299,1777497097633,171,334,163
66,1777497097520,1777497097458,1777497097691,171,233,62
67,1777497097587,1777497097547,1777497097746,159,199,40
68,1777497097619,1777497097623,1777497097801,182,178,4
69,1777497097687,1777497097692,1777497097856,169,164,5
70,1777497097752,1777497097755,1777497097912,160,157,3
71,1777497097786,1777497097789,1777497097968,182,179,3
72,1777497097852,1777497097857,1777497098024,172,167,5
73,1777497097917,1777497097891,1777497098080,163,189,26
74,1777497097983,1777497097955,1777497098136,153,181,28
75,1777497098016,1777497098024,1777497098191,175,167,8
76,1777497098048,1777497098091,1777497098249,201,158,43
77,1777497098154,1777497098147,1777497098307,153,160,7
78,1777497098154,1777497098214,1777497098365,211,151,60
79,1777497098250,1777497098255,1777497098420,170,165,5
80,1777497098283,1777497098324,1777497098476,193,152,41
81,1777497098352,1777497098358,1777497098534,182,176,6
82,1777497098419,1777497098392,1777497098589,170,197,27
83,1777497098485,1777497098489,1777497098645,160,156,4
84,1777497098518,1777497098522,1777497098701,183,179,4
85,1777497098585,1777497098591,1777497098756,171,165,6
86,1777497098650,1777497098659,1777497098812,162,153,9
87,1777497098687,1777497098692,1777497098869,182,177,5
88,1777497098753,1777497098753,1777497098927,174,174,0
89,1777497098818,1777497098820,1777497098982,164,162,2
90,1777497098884,1777497098852,1777497099039,155,187,32
91,1777497098917,1777497098925,1777497099096,179,171,8
92,1777497098983,1777497098988,1777497099154,171,166,5
93,1777497099047,1777497099054,1777497099209,162,155,7
94,1777497099085,1777497099088,1777497099266,181,178,3
95,1777497099150,1777497099157,1777497099324,174,167,7
96,1777497099216,1777497099197,1777497099381,165,184,19
97,1777497099281,1777497099257,1777497099437,156,180,24
98,1777497099320,1777497099324,1777497099494,174,170,4
99,1777497099386,1777497099381,1777497099549,163,168,5
100,1777497099451,1777497099454,1777497099605,154,151,3
101,1777497099484,1777497099489,1777497099661,177,172,5
102,1777497099549,1777497099557,1777497099718,169,161,8
103,1777497099618,1777497099624,1777497099776,158,152,6
104,1777497099684,1777497099659,1777497099834,150,175,25
105,1777497099717,1777497099659,1777497099892,175,233,58
106,1777497099782,1777497099788,1777497099950,168,162,6
107,1777497099853,1777497099822,1777497100008,155,186,31
108,1777497099885,1777497099890,1777497100066,181,176,5
109,1777497099919,1777497099958,1777497100121,202,163,39
110,1777497100018,1777497099979,1777497100178,160,199,39
111,1777497100085,1777497100056,1777497100235,150,179,29
112,1777497100085,1777497100090,1777497100291,206,201,5
113,1777497100151,1777497100163,1777497100347,196,184,12
114,1777497100217,1777497100223,1777497100404,187,181,6
115,1777497100250,1777497100291,1777497100461,211,170,41
116,1777497100352,1777497100324,1777497100517,165,193,28
117,1777497100391,1777497100386,1777497100573,182,187,5
118,1777497100449,1777497100386,1777497100628,179,242,63
119,1777497100515,1777497100453,1777497100686,171,233,62
120,1777497100548,1777497100524,1777497100742,194,218,24
121,1777497100581,1777497100547,1777497100799,218,252,34
122,1777497100613,1777497100653,1777497100857,244,204,40
123,1777497100653,1777497100653,1777497100914,261,261,0
124,1777497100653,1777497100653,1777497100972,319,319,0
125,1777497100653,1777497100686,1777497101032,379,346,33
126,1777497100818,1777497100719,1777497101092,274,373,99
127,1777497100915,1777497100758,1777497101149,234,391,157
128,1777497100948,1777497100758,1777497101205,257,447,190
129,1777497100981,1777497100822,1777497101262,281,440,159
130,1777497101152,1777497100856,1777497101319,167,463,296
131,1777497101152,1777497100921,1777497101375,223,454,231
132,1777497101152,1777497100954,1777497101430,278,476,198
133,1777497101152,1777497100954,1777497101488,336,534,198
134,1777497101152,1777497100954,1777497101547,395,593,198
135,1777497101449,1777497100987,1777497101609,160,622,462
136,1777497101449,1777497100987,1777497101666,217,679,462
137,1777497101551,1777497100987,1777497101722,171,735,564
138,1777497101616,1777497100987,1777497101780,164,793,629
139,1777497101681,1777497100987,1777497101838,157,851,694
140,1777497101719,1777497100987,1777497101896,177,909,732
141,1777497101784,1777497101088,1777497101954,170,866,696
142,1777497101816,1777497101123,1777497102011,195,888,693
143,1777497101882,1777497101156,1777497102070,188,914,726
144,1777497101953,1777497101156,1777497102127,174,971,797
145,1777497102017,1777497101190,1777497102183,166,993,827
146,1777497102084,1777497101190,1777497102240,156,1050,894
147,1777497102117,1777497101190,1777497102298,181,1108,927
148,1777497102182,1777497101190,1777497102356,174,1166,992
149,1777497102248,1777497101190,1777497102415,167,1225,1058
150,1777497102312,1777497101190,1777497102473,161,1283,1122
151,1777497102351,1777497101190,1777497102530,179,1340,1161
152,1777497102416,1777497101190,1777497102589,173,1399,1226
153,1777497102483,1777497101190,1777497102648,165,1458,1293
154,1777497102550,1777497101190,1777497102705,155,1515,1360
155,1777497102582,1777497101190,1777497102763,181,1573,1392
156,1777497102646,1777497101190,1777497102823,177,1633,1456
157,1777497102718,1777497101190,1777497102882,164,1692,1528
158,1777497102784,1777497101190,1777497102940,156,1750,1594
159,1777497102817,1777497102187,1777497102999,182,812,630
160,1777497102882,1777497102187,1777497103056,174,869,695
161,1777497102947,1777497102187,1777497103113,166,926,760
162,1777497103019,1777497102187,1777497103171,152,984,832
163,1777497103019,1777497102187,1777497103229,210,1042,832
164,1777497103019,1777497102786,1777497103286,267,500,233
165,1777497103121,1777497102854,1777497103346,225,492,267
166,1777497103247,1777497102889,1777497103403,156,514,358
167,1777497103281,1777497102889,1777497103460,179,571,392
168,1777497103346,1777497102889,1777497103519,173,630,457
169,1777497103423,1777497102889,1777497103576,153,687,534
170,1777497103481,1777497102957,1777497103633,152,676,524
171,1777497103481,1777497102957,1777497103690,209,733,524
172,1777497103481,1777497103167,1777497103749,268,582,314
173,1777497103481,1777497103220,1777497103808,327,588,261
174,1777497103514,1777497103287,1777497103867,353,580,227
175,1777497103547,1777497103322,1777497103925,378,603,225
176,1777497103690,1777497103453,1777497103983,293,530,237
177,1777497103716,1777497103488,1777497104039,323,551,228
178,1777497103750,1777497103488,1777497104096,346,608,262
179,1777497103750,1777497103488,1777497104152,402,664,262
180,1777497103782,1777497103786,1777497104209,427,423,4
181,1777497103814,1777497103820,1777497104267,453,447,6
182,1777497103814,1777497103854,1777497104326,512,472,40
183,1777497103814,1777497103887,1777497104383,569,496,73
184,1777497103890,1777497103954,1777497104445,555,491,64
185,1777497103982,1777497103954,1777497104503,521,549,28
186,1777497104081,1777497103987,1777497104559,478,572,94
187,1777497104186,1777497103987,1777497104616,430,629,199
188,1777497104224,1777497103987,1777497104672,448,685,237
189,1777497104285,1777497103987,1777497104730,445,743,298
190,1777497104516,1777497103987,1777497104787,271,800,529
191,1777497104648,1777497103987,1777497104845,197,858,661
192,1777497104748,1777497103987,1777497104901,153,914,761
193,1777497104781,1777497103987,1777497104957,176,970,794
194,1777497104846,1777497103987,1777497105013,167,1026,859
195,1777497104918,1777497104056,1777497105069,151,1013,862
196,1777497104951,1777497104156,1777497105125,174,969,795
197,1777497105016,1777497104177,1777497105182,166,1005,839
198,1777497105016,1777497104253,1777497105239,223,986,763
199,1777497105081,1777497104253,1777497105296,215,1043,828
200,1777497105184,1777497104287,1777497105353,169,1066,897
201,1777497105250,1777497104321,1777497105409,159,1088,929
202,1777497105283,1777497104321,1777497105465,182,1144,962
203,1777497105348,1777497104321,1777497105521,173,1200,1027
204,1777497105413,1777497105055,1777497105578,165,523,358
205,1777497105480,1777497105055,1777497105634,154,579,425
206,1777497105480,1777497105152,1777497105693,213,541,328
207,1777497105579,1777497105187,1777497105750,171,563,392
208,1777497105649,1777497105221,1777497105806,157,585,428
209,1777497105713,1777497105255,1777497105863,150,608,458
210,1777497105713,1777497105255,1777497105920,207,665,458
211,1777497105815,1777497105322,1777497105982,167,660,493
212,1777497105884,1777497105344,1777497106040,156,696,540
213,1777497105945,1777497105344,1777497106096,151,752,601
214,1777497105984,1777497105610,1777497106152,168,542,374
215,1777497106017,1777497105610,1777497106209,192,599,407
216,1777497106082,1777497105686,1777497106268,186,582,396
217,1777497106148,1777497105754,1777497106326,178,572,394
218,1777497106228,1777497105787,1777497106382,154,595,441
219,1777497106284,1777497105854,1777497106437,153,583,430
220,1777497106284,1777497105854,1777497106492,208,638,430
221,1777497106380,1777497105854,1777497106549,169,695,526
222,1777497106446,1777497105854,1777497106606,160,752,592
223,1777497106484,1777497105854,1777497106664,180,810,630
224,1777497106547,1777497106182,1777497106724,177,542,365
225,1777497106617,1777497106182,1777497106783,166,601,435
226,1777497106687,1777497106182,1777497106841,154,659,505
227,1777497106750,1777497106243,1777497106900,150,657,507
228,1777497106781,1777497106243,1777497106958,177,715,538
229,1777497106847,1777497106320,1777497107016,169,696,527
230,1777497106914,1777497106354,1777497107072,158,718,560
231,1777497106947,1777497106354,1777497107128,181,774,593
232,1777497107019,1777497106388,1777497107185,166,797,631
233,1777497107083,1777497106421,1777497107242,159,821,662
234,1777497107147,1777497106421,1777497107300,153,879,726
235,1777497107179,1777497106454,1777497107356,177,902,725
236,1777497107251,1777497106487,1777497107414,163,927,764
237,1777497107315,1777497106487,1777497107472,157,985,828
238,1777497107379,1777497106487,1777497107530,151,1043,892
239,1777497107379,1777497106952,1777497107589,210,637,427
240,1777497107485,1777497107021,1777497107647,162,626,464
241,1777497107547,1777497107093,1777497107704,157,611,454
242,1777497107580,1777497107093,1777497107761,181,668,487
243,1777497107614,1777497107093,1777497107819,205,726,521
244,1777497107723,1777497107093,1777497107877,154,784,630
245,1777497107723,1777497107093,1777497107935,212,842,630
246,1777497107814,1777497107093,1777497107993,179,900,721
247,1777497107881,1777497107093,1777497108052,171,959,788
248,1777497107881,1777497107544,1777497108111,230,567,337
249,1777497108017,1777497107650,1777497108170,153,520,367
250,1777497108017,1777497107685,1777497108228,211,543,332
251,1777497108118,1777497107685,1777497108284,166,599,433
252,1777497108118,1777497107753,1777497108343,225,590,365
253,1777497108246,1777497107753,1777497108400,154,647,493
254,1777497108246,1777497108054,1777497108458,212,404,192
255,1777497108345,1777497108054,1777497108514,169,460,291
256,1777497108345,1777497108076,1777497108571,226,495,269
257,1777497108446,1777497108076,1777497108628,182,552,370
258,1777497108512,1777497108122,1777497108685,173,563,390
259,1777497108550,1777497108200,1777497108741,191,541,350
260,1777497108645,1777497108260,1777497108797,152,537,385
261,1777497108645,1777497108314,1777497108854,209,540,331
262,1777497108711,1777497108355,1777497108910,199,555,356
263,1777497108749,1777497108376,1777497108969,220,593,373
264,1777497108816,1777497108415,1777497109026,210,611,401
265,1777497108915,1777497108487,1777497109083,168,596,428
266,1777497108948,1777497108487,1777497109138,190,651,461
267,1777497108948,1777497108509,1777497109195,247,686,439
268,1777497109048,1777497108550,1777497109253,205,703,498
269,1777497109114,1777497108584,1777497109311,197,727,530
270,1777497109180,1777497108617,1777497109369,189,752,563
271,1777497109247,1777497108617,1777497109426,179,809,630
272,1777497109281,1777497108617,1777497109482,201,865,664
273,1777497109348,1777497108617,1777497109541,193,924,731
274,1777497109416,1777497109020,1777497109598,182,578,396
275,1777497109449,1777497109055,1777497109654,205,599,394
276,1777497109481,1777497109426,1777497109711,230,285,55
277,1777497109514,1777497109553,1777497109766,252,213,39
278,1777497109514,1777497109586,1777497109822,308,236,72
279,1777497109614,1777497109586,1777497109879,265,293,28
280,1777497109679,1777497109687,1777497109935,256,248,8
281,1777497109716,1777497109751,1777497109990,274,239,35
282,1777497109747,1777497109886,1777497110046,299,160,139
283,1777497109747,1777497109915,1777497110100,353,185,168
284,1777497109747,1777497109987,1777497110156,409,169,240
285,1777497109781,1777497110042,1777497110212,431,170,261
286,1777497109881,1777497110117,1777497110268,387,151,236
287,1777497109944,1777497110151,1777497110323,379,172,207
288,1777497109976,1777497110219,1777497110378,402,159,243
289,1777497110015,1777497110275,1777497110435,420,160,260
290,1777497110081,1777497110320,1777497110491,410,171,239
291,1777497110185,1777497110386,1777497110547,362,161,201
292,1777497110345,1777497110452,1777497110603,258,151,107
293,1777497110378,1777497110486,1777497110658,280,172,108
294,1777497110378,1777497110553,1777497110714,336,161,175
295,1777497110546,1777497110615,1777497110770,224,155,69
296,1777497110614,1777497110648,1777497110825,211,177,34
297,1777497110714,1777497110718,1777497110880,166,162,4
298,1777497110780,1777497110784,1777497110936,156,152,4
299,1777497110814,1777497110819,1777497110991,177,172,5
300,1777497110848,1777497110853,1777497111049,201,196,5
301,1777497110848,1777497110941,1777497111107,259,166,93
302,1777497110981,1777497110983,1777497111165,184,182,2
303,1777497111047,1777497111052,1777497111220,173,168,5
304,1777497111080,1777497111104,1777497111275,195,171,24
305,1777497111181,1777497111150,1777497111331,150,181,31
306,1777497111214,1777497111218,1777497111388,174,170,4
307,1777497111247,1777497111286,1777497111443,196,157,39
308,1777497111311,1777497111348,1777497111499,188,151,37
309,1777497111378,1777497111381,1777497111555,177,174,3
310,1777497111424,1777497111450,1777497111612,188,162,26
311,1777497111515,1777497111485,1777497111669,154,184,30
312,1777497111548,1777497111551,1777497111726,178,175,3
313,1777497111614,1777497111617,1777497111782,168,165,3
314,1777497111677,1777497111686,1777497111839,162,153,9
315,1777497111710,1777497111708,1777497111896,186,188,2
316,1777497111749,1777497111782,1777497111955,206,173,33
317,1777497111842,1777497111850,1777497112015,173,165,8
318,1777497111915,1777497111885,1777497112073,158,188,30
319,1777497111948,1777497111951,1777497112131,183,180,3
320,1777497112010,1777497111951,1777497112187,177,236,59
321,1777497112043,1777497112049,1777497112243,200,194,6
322,1777497112148,1777497112049,1777497112301,153,252,99
323,1777497112181,1777497112049,1777497112358,177,309,132
324,1777497112246,1777497112084,1777497112416,170,332,162
325,1777497112311,1777497112084,1777497112475,164,391,227
326,1777497112382,1777497112118,1777497112535,153,417,264
327,1777497112421,1777497112152,1777497112593,172,441,269
328,1777497112481,1777497112217,1777497112649,168,432,264
329,1777497112520,1777497112250,1777497112707,187,457,270
330,1777497112576,1777497112318,1777497112763,187,445,258
331,1777497112648,1777497112352,1777497112821,173,469,296
332,1777497112710,1777497112408,1777497112878,168,470,302
333,1777497112777,1777497112483,1777497112935,158,452,294
334,1777497112814,1777497112518,1777497112993,179,475,296
335,1777497112848,1777497112653,1777497113051,203,398,195
336,1777497112947,1777497112653,1777497113109,162,456,294
337,1777497112980,1777497112874,1777497113166,186,292,106
338,1777497113052,1777497112874,1777497113224,172,350,178
339,1777497113111,1777497112914,1777497113280,169,366,197
340,1777497113176,1777497113016,1777497113336,160,320,160
341,1777497113210,1777497113082,1777497113392,182,310,128
342,1777497113277,1777497113117,1777497113450,173,333,160
343,1777497113342,1777497113184,1777497113506,164,322,158
344,1777497113381,1777497113285,1777497113562,181,277,96
345,1777497113413,1777497113285,1777497113618,205,333,128
346,1777497113514,1777497113307,1777497113675,161,368,207
347,1777497113580,1777497113307,1777497113733,153,426,273
348,1777497113618,1777497113380,1777497113789,171,409,238
349,1777497113676,1777497113452,1777497113847,171,395,224
350,1777497113714,1777497113507,1777497113904,190,397,207
351,1777497113778,1777497113548,1777497113960,182,412,230
352,1777497113842,1777497113548,1777497114016,174,468,294
353,1777497113909,1777497113651,1777497114073,164,422,258
354,1777497113975,1777497113717,1777497114129,154,412,258
355,1777497114021,1777497113784,1777497114185,164,401,237
356,1777497114078,1777497113852,1777497114240,162,388,226
357,1777497114143,1777497113852,1777497114296,153,444,291
358,1777497114176,1777497113873,1777497114353,177,480,303
359,1777497114243,1777497113982,1777497114410,167,428,261
360,1777497114309,1777497114050,1777497114465,156,415,259
361,1777497114353,1777497114140,1777497114520,167,380,213
362,1777497114410,1777497114140,1777497114574,164,434,270
363,1777497114476,1777497114181,1777497114630,154,449,295
364,1777497114519,1777497114250,1777497114687,168,437,269
365,1777497114575,1777497114250,1777497114744,169,494,325
366,1777497114645,1777497114306,1777497114801,156,495,339
367,1777497114679,1777497114306,1777497114859,180,553,373
368,1777497114712,1777497114348,1777497114917,205,569,364
369,1777497114746,1777497114383,1777497114976,230,593,363
370,1777497114852,1777497114457,1777497115034,182,577,395
371,1777497114878,1777497114551,1777497115092,214,541,327
372,1777497114976,1777497114551,1777497115148,172,597,425
373,1777497114976,1777497114551,1777497115204,228,653,425
374,1777497115047,1777497114551,1777497115261,214,710,496
375,1777497115112,1777497114618,1777497115318,206,700,494
376,1777497115209,1777497114640,1777497115374,165,734,569
377,1777497115253,1777497114640,1777497115432,179,792,613
378,1777497115313,1777497114680,1777497115489,176,809,633
379,1777497115379,1777497114680,1777497115545,166,865,699
380,1777497115447,1777497114680,1777497115605,158,925,767
381,1777497115510,1777497114680,1777497115662,152,982,830
382,1777497115543,1777497115084,1777497115721,178,637,459
383,1777497115612,1777497115151,1777497115780,168,629,461
384,1777497115612,1777497115151,1777497115837,225,686,461
385,1777497115612,1777497115151,1777497115896,284,745,461
386,1777497115775,1777497115151,1777497115955,180,804,624
387,1777497115852,1777497115580,1777497116014,162,434,272
388,1777497115908,1777497115615,1777497116073,165,458,293
389,1777497115941,1777497115650,1777497116129,188,479,291
390,1777497116011,1777497115650,1777497116186,175,536,361
391,1777497116079,1777497115747,1777497116243,164,496,332
392,1777497116145,1777497115747,1777497116299,154,552,398
393,1777497116178,1777497115747,1777497116356,178,609,431
394,1777497116244,1777497115814,1777497116413,169,599,430
395,1777497116276,1777497115814,1777497116471,195,657,462
396,1777497116374,1777497115849,1777497116531,157,682,525
397,1777497116413,1777497115883,1777497116589,176,706,530
398,1777497116445,1777497115917,1777497116645,200,728,528
399,1777497116509,1777497115917,1777497116702,193,785,592
400,1777497116611,1777497116015,1777497116762,151,747,596
401,1777497116645,1777497116049,1777497116821,176,772,596
402,1777497116678,1777497116083,1777497116878,200,795,595
403,1777497116710,1777497116083,1777497116935,225,852,627
404,1777497116710,1777497116083,1777497116991,281,908,627
405,1777497116743,1777497116083,1777497117049,306,966,660
406,1777497116886,1777497116083,1777497117108,222,1025,803
407,1777497116978,1777497116083,1777497117166,188,1083,895
408,1777497116978,1777497116083,1777497117226,248,1143,895
409,1777497116978,1777497116516,1777497117286,308,770,462
410,1777497116978,1777497116583,1777497117344,366,761,395
411,1777497117084,1777497116583,1777497117402,318,819,501
412,1777497117084,1777497116616,1777497117460,376,844,468
413,1777497117274,1777497116616,1777497117517,243,901,658
414,1777497117376,1777497116616,1777497117573,197,957,760
415,1777497117376,1777497116616,1777497117631,255,1015,760
416,1777497117410,1777497116616,1777497117691,281,1075,794
417,1777497117410,1777497116917,1777497117750,340,833,493
418,1777497117443,1777497116939,1777497117809,366,870,504
419,1777497117543,1777497116939,1777497117867,324,928,604
420,1777497117576,1777497116939,1777497117923,347,984,637
421,1777497117641,1777497116939,1777497117980,339,1041,702
422,1777497117776,1777497116939,1777497118038,262,1099,837
423,1777497117910,1777497116939,1777497118096,186,1157,971
424,1777497117944,1777497116939,1777497118154,210,1215,1005
425,1777497117977,1777497116939,1777497118212,235,1273,1038
426,1777497117977,1777497116939,1777497118271,294,1332,1038
427,1777497117977,1777497116939,1777497118331,354,1392,1038
428,1777497117977,1777497117381,1777497118391,414,1010,596
429,1777497117977,1777497117381,1777497118452,475,1071,596
430,1777497118078,1777497117381,1777497118514,436,1133,697
431,1777497118212,1777497117381,1777497118571,359,1190,831
432,1777497118407,1777497117381,1777497118629,222,1248,1026
433,1777497118512,1777497117381,1777497118686,174,1305,1131
434,1777497118512,1777497117381,1777497118742,230,1361,1131
435,1777497118645,1777497117381,1777497118798,153,1417,1264
436,1777497118645,1777497117381,1777497118855,210,1474,1264
437,1777497118745,1777497117381,1777497118914,169,1533,1364
438,1777497118745,1777497117381,1777497118972,227,1591,1364
439,1777497118878,1777497117381,1777497119033,155,1652,1497
440,1777497118878,1777497117381,1777497119092,214,1711,1497
441,1777497118945,1777497117381,1777497119153,208,1772,1564
442,1777497118978,1777497117381,1777497119213,235,1832,1597
443,1777497119044,1777497117381,1777497119271,227,1890,1663
444,1777497119107,1777497117381,1777497119328,221,1947,1726
445,1777497119107,1777497117381,1777497119387,280,2006,1726
446,1777497119107,1777497118049,1777497119447,340,1398,1058
447,1777497119107,1777497118113,1777497119506,399,1393,994
448,1777497119210,1777497118113,1777497119566,356,1453,1097
449,1777497119210,1777497118148,1777497119626,416,1478,1062
450,1777497119210,1777497118148,1777497119685,475,1537,1062
451,1777497119259,1777497118148,1777497119746,487,1598,1111
452,1777497119309,1777497118148,1777497119806,497,1658,1161
453,1777497119407,1777497118148,1777497119865,458,1717,1259
454,1777497119440,1777497118148,1777497119924,484,1776,1292
455,1777497119507,1777497118148,1777497119981,474,1833,1359
456,1777497119642,1777497118148,1777497120038,396,1890,1494
457,1777497119708,1777497118148,1777497120094,386,1946,1560
458,1777497119840,1777497118148,1777497120151,311,2003,1692
459,1777497119840,1777497118148,1777497120208,368,2060,1692
460,1777497119878,1777497118916,1777497120267,389,1351,962
461,1777497119911,1777497118916,1777497120325,414,1409,995
462,1777497119977,1777497118916,1777497120384,407,1468,1061
463,1777497120141,1777497118916,1777497120443,302,1527,1225
464,1777497120212,1777497118916,1777497120499,287,1583,1296
465,1777497120212,1777497118950,1777497120555,343,1605,1262
466,1777497120309,1777497118950,1777497120613,304,1663,1359
467,1777497120374,1777497118950,1777497120670,296,1720,1424
468,1777497120478,1777497118950,1777497120728,250,1778,1528
469,1777497120613,1777497118950,1777497120785,172,1835,1663
470,1777497120640,1777497118950,1777497120843,203,1893,1690
471,1777497120711,1777497118950,1777497120901,190,1951,1761
472,1777497120777,1777497118950,1777497120959,182,2009,1827
473,1777497120810,1777497118950,1777497121017,207,2067,1860
474,1777497120909,1777497118950,1777497121073,164,2123,1959
475,1777497120909,1777497118950,1777497121129,220,2179,1959
476,1777497121009,1777497118950,1777497121186,177,2236,2059
477,1777497121043,1777497118950,1777497121245,202,2295,2093
478,1777497121076,1777497118950,1777497121302,226,2352,2126
479,1777497121110,1777497118950,1777497121361,251,2411,2160
480,1777497121174,1777497118950,1777497121418,244,2468,2224
481,1777497121241,1777497118950,1777497121476,235,2526,2291
482,1777497121241,1777497118950,1777497121534,293,2584,2291
483,1777497121311,1777497118950,1777497121593,282,2643,2361
484,1777497121377,1777497119781,1777497121651,274,1870,1596
485,1777497121443,1777497119781,1777497121710,267,1929,1662
486,1777497121443,1777497119781,1777497121768,325,1987,1662
487,1777497121443,1777497119781,1777497121827,384,2046,1662
488,1777497121573,1777497119781,1777497121887,314,2106,1792
489,1777497121643,1777497119781,1777497121946,303,2165,1862
490,1777497121709,1777497119781,1777497122005,296,2224,1928
491,1777497121709,1777497119781,1777497122063,354,2282,1928
492,1777497121709,1777497119781,1777497122121,412,2340,1928
493,1777497121709,1777497119781,1777497122181,472,2400,1928
494,1777497121709,1777497121237,1777497122239,530,1002,472
495,1777497121877,1777497121277,1777497122298,421,1021,600
496,1777497121942,1777497121277,1777497122356,414,1079,665
497,1777497122041,1777497121277,1777497122415,374,1138,764
498,1777497122207,1777497121277,1777497122473,266,1196,930
499,1777497122377,1777497121277,1777497122529,152,1252,1100
500,1777497122377,1777497121277,1777497122585,208,1308,1100
501,1777497122477,1777497121277,1777497122642,165,1365,1200
502,1777497122477,1777497121277,1777497122700,223,1423,1200
503,1777497122543,1777497121277,1777497122761,218,1484,1266
504,1777497122543,1777497121277,1777497122824,281,1547,1266
505,1777497122543,1777497122014,1777497122884,341,870,529
506,1777497122641,1777497122014,1777497122943,302,929,627
507,1777497122641,1777497122014,1777497123002,361,988,627
508,1777497122805,1777497122014,1777497123061,256,1047,791
509,1777497122942,1777497122014,1777497123119,177,1105,928
510,1777497123008,1777497122014,1777497123176,168,1162,994
511,1777497123075,1777497122048,1777497123233,158,1185,1027
512,1777497123075,1777497122048,1777497123292,217,1244,1027
513,1777497123176,1777497122081,1777497123351,175,1270,1095
514,1777497123240,1777497122148,1777497123409,169,1261,1092
515,1777497123276,1777497122148,1777497123466,190,1318,1128
516,1777497123276,1777497122148,1777497123524,248,1376,1128
517,1777497123276,1777497122148,1777497123584,308,1436,1128
518,1777497123374,1777497122148,1777497123646,272,1498,1226
519,1777497123441,1777497122148,1777497123706,265,1558,1293
520,1777497123577,1777497122148,1777497123763,186,1615,1429
521,1777497123640,1777497122148,1777497123819,179,1671,1492
522,1777497123640,1777497122148,1777497123877,237,1729,1492
523,1777497123710,1777497122148,1777497123935,225,1787,1562
524,1777497123818,1777497122148,1777497123992,174,1844,1670
525,1777497123874,1777497122148,1777497124049,175,1901,1726
526,1777497123908,1777497122148,1777497124107,199,1959,1760
527,1777497124005,1777497122148,1777497124165,160,2017,1857
528,1777497124038,1777497122148,1777497124223,185,2075,1890
529,1777497124038,1777497122148,1777497124282,244,2134,1890
530,1777497124038,1777497122148,1777497124342,304,2194,1890
531,1777497124109,1777497122148,1777497124402,293,2254,1961
532,1777497124174,1777497122148,1777497124460,286,2312,2026
533,1777497124274,1777497122148,1777497124517,243,2369,2126
534,1777497124374,1777497122148,1777497124574,200,2426,2226
535,1777497124407,1777497122148,1777497124633,226,2485,2259
536,1777497124473,1777497122148,1777497124692,219,2544,2325
537,1777497124506,1777497122148,1777497124750,244,2602,2358
538,1777497124506,1777497122148,1777497124808,302,2660,2358
539,1777497124506,1777497122148,1777497124866,360,2718,2358
540,1777497124506,1777497122148,1777497124927,421,2779,2358
541,1777497124506,1777497122148,1777497124987,481,2839,2358
542,1777497124539,1777497122148,1777497125045,506,2897,2391
543,1777497124571,1777497122148,1777497125103,532,2955,2423
544,1777497124571,1777497124402,1777497125162,591,760,169
545,1777497124604,1777497124402,1777497125221,617,819,202
546,1777497124682,1777497124402,1777497125279,597,877,280
547,1777497124738,1777497124402,1777497125338,600,936,336
548,1777497124738,1777497124402,1777497125397,659,995,336
549,1777497124738,1777497124844,1777497125456,718,612,106
550,1777497124738,1777497124844,1777497125515,777,671,106
551,1777497124738,1777497124879,1777497125574,836,695,141
552,1777497124738,1777497124948,1777497125635,897,687,210
553,1777497124777,1777497124948,1777497125693,916,745,171
554,1777497124777,1777497124969,1777497125753,976,784,192
555,1777497124940,1777497124969,1777497125812,872,843,29
556,1777497125209,1777497124969,1777497125869,660,900,240
557,1777497125675,1777497124969,1777497125925,250,956,706
558,1777497125805,1777497124969,1777497125980,175,1011,836
559,1777497125805,1777497124969,1777497126037,232,1068,836
560,1777497125938,1777497125010,1777497126097,159,1087,928
561,1777497125977,1777497125010,1777497126155,178,1145,967
562,1777497126041,1777497125010,1777497126214,173,1204,1031
563,1777497126073,1777497125010,1777497126273,200,1263,1063
564,1777497126105,1777497125010,1777497126333,228,1323,1095
565,1777497126209,1777497125010,1777497126392,183,1382,1199
566,1777497126209,1777497125378,1777497126451,242,1073,831
567,1777497126209,1777497125378,1777497126510,301,1132,831
568,1777497126281,1777497125378,1777497126570,289,1192,903
569,1777497126281,1777497125413,1777497126627,346,1214,868
570,1777497126281,1777497125447,1777497126686,405,1239,834
571,1777497126443,1777497125447,1777497126745,302,1298,996
572,1777497126537,1777497125481,1777497126803,266,1322,1056
573,1777497126575,1777497125481,1777497126859,284,1378,1094
574,1777497126640,1777497125481,1777497126917,277,1436,1159
575,1777497126808,1777497125481,1777497126976,168,1495,1327
576,1777497126871,1777497125481,1777497127035,164,1554,1390
577,1777497126941,1777497125481,1777497127093,152,1612,1460
578,1777497126941,1777497125481,1777497127151,210,1670,1460
579,1777497127040,1777497125481,1777497127209,169,1728,1559
580,1777497127107,1777497125481,1777497127268,161,1787,1626
581,1777497127171,1777497125481,1777497127327,156,1846,1690
582,1777497127171,1777497126335,1777497127385,214,1050,836
583,1777497127238,1777497126335,1777497127443,205,1108,903
584,1777497127320,1777497126335,1777497127500,180,1165,985
585,1777497127372,1777497126375,1777497127557,185,1182,997
586,1777497127428,1777497126375,1777497127616,188,1241,1053
587,1777497127474,1777497126477,1777497127675,201,1198,997
588,1777497127576,1777497126477,1777497127734,158,1257,1099
589,1777497127576,1777497126477,1777497127792,216,1315,1099
590,1777497127673,1777497126477,1777497127850,177,1373,1196
591,1777497127706,1777497126477,1777497127909,203,1432,1229
592,1777497127706,1777497126477,1777497127968,262,1491,1229
593,1777497127804,1777497126477,1777497128027,223,1550,1327
594,1777497127836,1777497126477,1777497128084,248,1607,1359
595,1777497127836,1777497126477,1777497128145,309,1668,1359
596,1777497127836,1777497126477,1777497128206,370,1729,1359
597,1777497127940,1777497126477,1777497128266,326,1789,1463
598,1777497127940,1777497127374,1777497128325,385,951,566
599,1777497127940,1777497127374,1777497128384,444,1010,566
600,1777497127985,1777497127408,1777497128443,458,1035,577
601,1777497127985,1777497127443,1777497128503,518,1060,542
602,1777497127985,1777497127443,1777497128563,578,1120,542
603,1777497127985,1777497127443,1777497128622,637,1179,542
604,1777497127985,1777497127443,1777497128682,697,1239,542
605,1777497127985,1777497127443,1777497128742,757,1299,542
606,1777497127985,1777497127443,1777497128804,819,1361,542
607,1777497128069,1777497127443,1777497128865,796,1422,626
608,1777497128103,1777497127443,1777497128924,821,1481,660
609,1777497128169,1777497127443,1777497128983,814,1540,726
610,1777497128273,1777497127443,1777497129041,768,1598,830
611,1777497128403,1777497127443,1777497129099,696,1656,960
612,1777497128816,1777497127443,1777497129155,339,1712,1373
613,1777497128885,1777497127443,1777497129211,326,1768,1442
614,1777497128942,1777497127443,1777497129269,327,1826,1499
615,1777497129006,1777497127443,1777497129330,324,1887,1563
616,1777497129040,1777497127443,1777497129388,348,1945,1597
617,1777497129073,1777497127443,1777497129447,374,2004,1630
618,1777497129171,1777497127443,1777497129505,334,2062,1728
619,1777497129171,1777497127443,1777497129564,393,2121,1728
620,1777497129247,1777497127443,1777497129623,376,2180,1804
621,1777497129374,1777497127443,1777497129682,308,2239,1931
622,1777497129374,1777497127443,1777497129740,366,2297,1931
623,1777497129469,1777497127443,1777497129798,329,2355,2026
624,1777497129469,1777497127443,1777497129855,386,2412,2026
625,1777497129508,1777497127443,1777497129918,410,2475,2065
626,1777497129508,1777497127443,1777497129977,469,2534,2065
627,1777497129620,1777497127443,1777497130037,417,2594,2177
628,1777497129769,1777497127443,1777497130096,327,2653,2326
629,1777497129769,1777497127443,1777497130154,385,2711,2326
630,1777497129769,1777497127443,1777497130212,443,2769,2326
631,1777497129769,1777497127443,1777497130271,502,2828,2326
632,1777497129769,1777497127443,1777497130332,563,2889,2326
633,1777497129869,1777497127443,1777497130393,524,2950,2426
634,1777497129939,1777497127443,1777497130451,512,3008,2496
635,1777497129939,1777497127443,1777497130509,570,3066,2496
636,1777497129972,1777497127443,1777497130567,595,3124,2529
637,1777497130003,1777497128409,1777497130626,623,2217,1594
638,1777497130037,1777497128409,1777497130685,648,2276,1628
639,1777497130037,1777497128409,1777497130744,707,2335,1628
640,1777497130107,1777497128409,1777497130803,696,2394,1698
641,1777497130206,1777497128409,1777497130863,657,2454,1797
642,1777497130336,1777497128409,1777497130922,586,2513,1927
643,1777497130370,1777497128409,1777497130980,610,2571,1961
644,1777497130370,1777497128444,1777497131038,668,2594,1926
645,1777497130370,1777497128444,1777497131095,725,2651,1926
646,1777497130473,1777497128444,1777497131155,682,2711,2029
647,1777497130473,1777497128444,1777497131214,741,2770,2029
648,1777497130473,1777497128444,1777497131276,803,2832,2029
649,1777497130473,1777497128444,1777497131336,863,2892,2029
650,1777497130473,1777497128444,1777497131396,923,2952,2029
651,1777497130473,1777497128444,1777497131458,985,3014,2029
652,1777497130777,1777497128444,1777497131519,742,3075,2333
653,1777497130777,1777497128444,1777497131579,802,3135,2333
654,1777497130903,1777497128444,1777497131640,737,3196,2459
655,1777497130935,1777497128444,1777497131699,764,3255,2491
656,1777497131046,1777497128444,1777497131758,712,3314,2602
657,1777497131472,1777497128444,1777497131814,342,3370,3028
658,1777497131572,1777497128444,1777497131870,298,3426,3128
659,1777497131637,1777497128444,1777497131928,291,3484,3193
660,1777497131637,1777497128444,1777497131985,348,3541,3193
661,1777497131704,1777497128444,1777497132045,341,3601,3260
662,1777497131770,1777497128444,1777497132102,332,3658,3326
663,1777497131906,1777497128444,1777497132160,254,3716,3462
664,1777497131971,1777497128444,1777497132219,248,3775,3527
665,1777497132037,1777497128444,1777497132276,239,3832,3593
666,1777497132139,1777497128444,1777497132334,195,3890,3695
667,1777497132212,1777497129967,1777497132391,179,2424,2245
668,1777497132270,1777497129967,1777497132450,180,2483,2303
669,1777497132336,1777497129967,1777497132508,172,2541,2369
670,1777497132406,1777497129967,1777497132566,160,2599,2439
671,1777497132439,1777497129967,1777497132624,185,2657,2472
672,1777497132504,1777497129967,1777497132683,179,2716,2537
673,1777497132537,1777497129967,1777497132743,206,2776,2570
674,1777497132634,1777497129967,1777497132803,169,2836,2667
675,1777497132705,1777497129967,1777497132862,157,2895,2738
676,1777497132739,1777497131211,1777497132920,181,1709,1528
677,1777497132777,1777497131211,1777497132978,201,1767,1566
678,1777497132868,1777497131211,1777497133035,167,1824,1657
679,1777497132938,1777497131211,1777497133093,155,1882,1727
680,1777497132970,1777497131211,1777497133148,178,1937,1759
681,1777497133035,1777497131211,1777497133205,170,1994,1824
682,1777497133102,1777497131211,1777497133262,160,2051,1891
683,1777497133134,1777497131211,1777497133319,185,2108,1923
684,1777497133212,1777497131211,1777497133376,164,2165,2001
685,1777497133270,1777497131211,1777497133434,164,2223,2059
686,1777497133337,1777497131211,1777497133492,155,2281,2126
687,1777497133370,1777497132610,1777497133552,182,942,760
688,1777497133436,1777497132610,1777497133610,174,1000,826
689,1777497133502,1777497132610,1777497133668,166,1058,892
690,1777497133568,1777497132610,1777497133725,157,1115,958
691,1777497133608,1777497132610,1777497133784,176,1174,998
692,1777497133684,1777497132610,1777497133842,158,1232,1074
693,1777497133735,1777497132610,1777497133899,164,1289,1125
694,1777497133801,1777497132610,1777497133955,154,1345,1191
695,1777497133839,1777497133172,1777497134013,174,841,667
696,1777497133904,1777497133208,1777497134072,168,864,696
697,1777497133904,1777497133208,1777497134131,227,923,696
698,1777497134035,1777497133208,1777497134190,155,982,827
699,1777497134068,1777497133208,1777497134248,180,1040,860
700,1777497134145,1777497133208,1777497134305,160,1097,937
701,1777497134201,1777497133208,1777497134363,162,1155,993
702,1777497134234,1777497133208,1777497134422,188,1214,1026
703,1777497134278,1777497133208,1777497134481,203,1273,1070
704,1777497134373,1777497133208,1777497134539,166,1331,1165
705,1777497134417,1777497133208,1777497134597,180,1389,1209
706,1777497134505,1777497133208,1777497134655,150,1447,1297
707,1777497134538,1777497133208,1777497134716,178,1508,1330
708,1777497134596,1777497133909,1777497134774,178,865,687
709,1777497134666,1777497133909,1777497134830,164,921,757
710,1777497134737,1777497133944,1777497134887,150,943,793
711,1777497134769,1777497133944,1777497134945,176,1001,825
712,1777497134835,1777497133944,1777497135003,168,1059,891
713,1777497134901,1777497133944,1777497135061,160,1117,957
714,1777497134967,1777497133944,1777497135119,152,1175,1023
715,1777497135007,1777497133944,1777497135179,172,1235,1063
716,1777497135071,1777497133944,1777497135237,166,1293,1127
717,1777497135137,1777497133944,1777497135296,159,1352,1193
718,1777497135202,1777497133944,1777497135353,151,1409,1258
719,1777497135234,1777497133944,1777497135411,177,1467,1290
720,1777497135305,1777497133944,1777497135469,164,1525,1361
721,1777497135366,1777497134599,1777497135528,162,929,767
722,1777497135405,1777497134599,1777497135586,181,987,806
723,1777497135469,1777497134644,1777497135646,177,1002,825
724,1777497135536,1777497134708,1777497135704,168,996,828
725,1777497135603,1777497134708,1777497135762,159,1054,895
726,1777497135636,1777497134743,1777497135818,182,1075,893
727,1777497135669,1777497134743,1777497135875,206,1132,926
728,1777497135768,1777497134743,1777497135933,165,1190,1025
729,1777497135841,1777497134743,1777497135991,150,1248,1098
730,1777497135841,1777497135065,1777497136050,209,985,776
731,1777497135899,1777497135107,1777497136108,209,1001,792
732,1777497136010,1777497135107,1777497136165,155,1058,903
733,1777497136010,1777497135107,1777497136224,214,1117,903
734,1777497136102,1777497135107,1777497136284,182,1177,995
735,1777497136167,1777497135107,1777497136342,175,1235,1060
736,1777497136237,1777497135107,1777497136400,163,1293,1130
737,1777497136303,1777497135107,1777497136455,152,1348,1196
738,1777497136336,1777497135107,1777497136512,176,1405,1229
739,1777497136401,1777497135107,1777497136569,168,1462,1294
740,1777497136467,1777497135107,1777497136628,161,1521,1360
741,1777497136498,1777497135107,1777497136685,187,1578,1391
742,1777497136536,1777497135975,1777497136744,208,769,561
743,1777497136601,1777497135975,1777497136802,201,827,626
744,1777497136704,1777497136009,1777497136861,157,852,695
745,1777497136743,1777497136108,1777497136919,176,811,635
746,1777497136801,1777497136108,1777497136975,174,867,693
747,1777497136868,1777497136108,1777497137031,163,923,760
748,1777497136936,1777497136108,1777497137089,153,981,828
749,1777497136969,1777497136108,1777497137146,177,1038,861
750,1777497137035,1777497136108,1777497137204,169,1096,927
751,1777497137101,1777497136108,1777497137262,161,1154,993
752,1777497137166,1777497136108,1777497137319,153,1211,1058
753,1777497137204,1777497136108,1777497137375,171,1267,1096
754,1777497137237,1777497136108,1777497137434,197,1326,1129
755,1777497137339,1777497136748,1777497137493,154,745,591
756,1777497137339,1777497136837,1777497137550,211,713,502
757,1777497137435,1777497136909,1777497137606,171,697,526
758,1777497137500,1777497136909,1777497137662,162,753,591
759,1777497137533,1777497136909,1777497137719,186,810,624
760,1777497137571,1777497136909,1777497137777,206,868,662
761,1777497137669,1777497136909,1777497137835,166,926,760
762,1777497137702,1777497136909,1777497137894,192,985,793
763,1777497137702,1777497136909,1777497137952,250,1043,793
764,1777497137702,1777497136909,1777497138011,309,1102,793
765,1777497137768,1777497137409,1777497138071,303,662,359
766,1777497137768,1777497137474,1777497138130,362,656,294
767,1777497137833,1777497137542,1777497138189,356,647,291
768,1777497137833,1777497137575,1777497138245,412,670,258
769,1777497137833,1777497137575,1777497138301,468,726,258
770,1777497137933,1777497137616,1777497138358,425,742,317
771,1777497137998,1777497137616,1777497138415,417,799,382
772,1777497138169,1777497137630,1777497138472,303,842,539
773,1777497138201,1777497137630,1777497138529,328,899,571
774,1777497138234,1777497137630,1777497138587,353,957,604
775,1777497138267,1777497137672,1777497138646,379,974,595
776,1777497138402,1777497137672,1777497138705,303,1033,730
777,1777497138504,1777497137672,1777497138764,260,1092,832
778,1777497138598,1777497137672,1777497138822,224,1150,926
779,1777497138598,1777497137997,1777497138879,281,882,601
780,1777497138667,1777497137997,1777497138941,274,944,670
781,1777497138701,1777497138039,1777497138998,297,959,662
782,1777497138701,1777497138141,1777497139057,356,916,560
783,1777497138733,1777497138141,1777497139115,382,974,592
784,1777497138733,1777497138637,1777497139171,438,534,96
785,1777497138733,1777497138637,1777497139229,496,592,96
786,1777497138766,1777497138637,1777497139288,522,651,129
787,1777497138902,1777497138637,1777497139346,444,709,265
788,1777497138935,1777497139041,1777497139405,470,364,106
789,1777497138935,1777497139107,1777497139464,529,357,172
790,1777497138968,1777497139175,1777497139523,555,348,207
791,1777497138968,1777497139237,1777497139581,613,344,269
792,1777497138999,1777497139375,1777497139639,640,264,376
793,1777497138999,1777497139476,1777497139694,695,218,477
794,1777497139032,1777497139574,1777497139749,717,175,542
795,1777497139032,1777497139614,1777497139804,772,190,582
796,1777497139065,1777497139709,1777497139860,795,151,644
797,1777497139135,1777497139709,1777497139916,781,207,574
798,1777497139200,1777497139802,1777497139971,771,169,602
799,1777497139234,1777497139863,1777497140028,794,165,629
800,1777497139267,1777497139904,1777497140085,818,181,637
801,1777497139468,1777497139974,1777497140144,676,170,506
802,1777497139842,1777497140007,1777497140200,358,193,165
803,1777497139932,1777497140059,1777497140256,324,197,127
804,1777497139965,1777497140140,1777497140313,348,173,175
805,1777497140033,1777497140140,1777497140370,337,230,107
806,1777497140066,1777497140208,1777497140428,362,220,142
807,1777497140066,1777497140208,1777497140486,420,278,142
808,1777497140136,1777497140237,1777497140544,408,307,101
809,1777497140136,1777497140271,1777497140601,465,330,135
810,1777497140200,1777497140305,1777497140659,459,354,105
811,1777497140234,1777497140339,1777497140716,482,377,105
812,1777497140234,1777497140372,1777497140774,540,402,138
813,1777497140234,1777497140372,1777497140831,597,459,138
814,1777497140301,1777497140406,1777497140889,588,483,105
815,1777497140398,1777497140470,1777497140949,551,479,72
816,1777497140398,1777497140470,1777497141008,610,538,72
817,1777497140398,1777497140470,1777497141067,669,597,72
818,1777497140398,1777497140504,1777497141126,728,622,106
819,1777497140432,1777497140539,1777497141186,754,647,107
820,1777497140566,1777497140586,1777497141244,678,658,20
821,1777497140598,1777497140639,1777497141302,704,663,41
822,1777497140764,1777497140639,1777497141360,596,721,125
823,1777497140840,1777497140639,1777497141418,578,779,201
824,1777497141101,1777497140673,1777497141476,375,803,428
825,1777497141241,1777497140740,1777497141534,293,794,501
826,1777497141302,1777497140740,1777497141591,289,851,562
827,1777497141302,1777497140807,1777497141646,344,839,495
828,1777497141330,1777497140873,1777497141702,372,829,457
829,1777497141368,1777497140873,1777497141759,391,886,495
