frame_index,cam_0_ts_ms,cam_1_ts_ms,playback_time_ms,latency_0_ms,latency_1_ms,sync_error_ms
0,1777497157876,1777497158835,1777497159244,1368,409,959
1,1777497158075,1777497158973,1777497159392,1317,419,898
2,1777497158075,1777497159009,1777497159446,1371,437,934
3,1777497158075,1777497159009,1777497159504,1429,495,934
4,1777497158208,1777497159009,1777497159559,1351,550,801
5,1777497158208,1777497159009,1777497159615,1407,606,801
6,1777497158208,1777497159043,1777497159671,1463,628,835
7,1777497158404,1777497159043,1777497159738,1334,695,639
8,1777497158404,1777497159043,1777497159796,1392,753,639
9,1777497158404,1777497159043,1777497159854,1450,811,639
10,1777497158444,1777497159078,1777497159915,1471,837,634
11,1777497158444,1777497159078,1777497159977,1533,899,634
12,1777497158444,1777497159100,1777497160036,1592,936,656
13,1777497158576,1777497159100,1777497160095,1519,995,524
14,1777497158576,1777497159100,1777497160154,1578,1054,524
15,1777497158576,1777497159100,1777497160214,1638,1114,524
16,1777497158576,1777497159143,1777497160273,1697,1130,567
17,1777497158756,1777497159143,1777497160333,1577,1190,387
18,1777497158756,1777497159177,1777497160392,1636,1215,421
19,1777497158756,1777497159177,1777497160452,1696,1275,421
20,1777497158756,1777497159177,1777497160512,1756,1335,421
21,1777497159343,1777497159205,1777497160571,1228,1366,138
22,1777497159343,1777497159240,1777497160630,1287,1390,103
23,1777497159475,1777497159240,1777497160688,1213,1448,235
24,1777497159475,1777497159240,1777497160746,1271,1506,235
25,1777497159475,1777497159240,1777497160805,1330,1565,235
26,1777497159876,1777497159275,1777497160865,989,1590,601
27,1777497159876,1777497159275,1777497160925,1049,1650,601
28,1777497159876,1777497159275,1777497160985,1109,1710,601
29,1777497160074,1777497159275,1777497161046,972,1771,799
30,1777497160074,1777497159310,1777497161105,1031,1795,764
31,1777497160107,1777497159310,1777497161164,1057,1854,797
32,1777497160107,1777497159310,1777497161222,1115,1912,797
33,1777497160107,1777497159343,1777497161283,1176,1940,764
34,1777497160107,1777497159343,1777497161345,1238,2002,764
35,1777497160107,1777497159376,1777497161406,1299,2030,731
36,1777497160107,1777497159376,1777497161465,1358,2089,731
37,1777497160471,1777497159442,1777497161525,1054,2083,1029
38,1777497160542,1777497159442,1777497161583,1041,2141,1100
39,1777497160542,1777497159442,1777497161642,1100,2200,1100
40,1777497160640,1777497159442,1777497161702,1062,2260,1198
41,1777497160673,1777497159442,1777497161761,1088,2319,1231
42,1777497160673,1777497159442,1777497161818,1145,2376,1231
43,1777497160673,1777497159442,1777497161879,1206,2437,1231
44,1777497160673,1777497159442,1777497161939,1266,2497,1231
45,1777497161142,1777497159442,1777497161999,857,2557,1700
46,1777497161142,1777497159442,1777497162060,918,2618,1700
47,1777497161142,1777497159442,1777497162120,978,2678,1700
48,1777497161407,1777497159442,1777497162181,774,2739,1965
49,1777497161407,1777497159442,1777497162240,833,2798,1965
50,1777497161407,1777497159442,1777497162301,894,2859,1965
51,1777497161407,1777497159442,1777497162361,954,2919,1965
52,1777497161474,1777497160876,1777497162421,947,1545,598
53,1777497161474,1777497160876,1777497162480,1006,1604,598
54,1777497161474,1777497160876,1777497162540,1066,1664,598
55,1777497161637,1777497160876,1777497162600,963,1724,761
56,1777497161670,1777497160876,1777497162658,988,1782,794
57,1777497161703,1777497160876,1777497162716,1013,1840,827
58,1777497161703,1777497160876,1777497162775,1072,1899,827
59,1777497161703,1777497160876,1777497162832,1129,1956,827
60,1777497161703,1777497162474,1777497162891,1188,417,771
61,1777497161703,1777497162474,1777497162949,1246,475,771
62,1777497161703,1777497162541,1777497163005,1302,464,838
63,1777497161703,1777497162641,1777497163062,1359,421,938
64,1777497161703,1777497162641,1777497163118,1415,477,938
65,1777497161703,1777497162742,1777497163176,1473,434,1039
66,1777497161973,1777497162742,1777497163232,1259,490,769
67,1777497161973,1777497162863,1777497163289,1316,426,890
68,1777497161973,1777497162863,1777497163346,1373,483,890
69,1777497161973,1777497162980,1777497163404,1431,424,1007
70,1777497161973,1777497162980,1777497163462,1489,482,1007
71,1777497162235,1777497163107,1777497163520,1285,413,872
72,1777497162235,1777497163107,1777497163576,1341,469,872
73,1777497162374,1777497163230,1777497163634,1260,404,856
74,1777497162374,1777497163230,1777497163692,1318,462,856
75,1777497162374,1777497163341,1777497163751,1377,410,967
76,1777497163073,1777497163341,1777497163812,739,471,268
77,1777497163373,1777497163471,1777497163872,499,401,98
78,1777497163507,1777497163471,1777497163931,424,460,36
79,1777497163507,1777497163541,1777497163989,482,448,34
80,1777497163640,1777497163541,1777497164045,405,504,99
81,1777497163640,1777497163574,1777497164102,462,528,66
82,1777497163737,1777497163574,1777497164158,421,584,163
83,1777497163780,1777497163607,1777497164214,434,607,173
84,1777497163868,1777497163642,1777497164270,402,628,226
85,1777497163907,1777497163642,1777497164327,420,685,265
86,1777497163973,1777497163675,1777497164386,413,711,298
87,1777497164036,1777497163675,1777497164444,408,769,361
88,1777497164070,1777497163703,1777497164502,432,799,367
89,1777497164140,1777497163703,1777497164561,421,858,437
90,1777497164206,1777497163703,1777497164619,413,916,503
91,1777497164272,1777497163703,1777497164676,404,973,569
92,1777497164306,1777497163742,1777497164734,428,992,564
93,1777497164371,1777497163742,1777497164793,422,1051,629
94,1777497164436,1777497163742,1777497164856,420,1114,694
95,1777497164506,1777497163742,1777497164917,411,1175,764
96,1777497164539,1777497163742,1777497164976,437,1234,797
97,1777497164583,1777497163742,1777497165033,450,1291,841
98,1777497164688,1777497163742,1777497165092,404,1350,946
99,1777497164736,1777497163742,1777497165150,414,1408,994
100,1777497164803,1777497163742,1777497165208,405,1466,1061
101,1777497164803,1777497163770,1777497165267,464,1497,1033
102,1777497164903,1777497163770,1777497165325,422,1555,1133
103,1777497164968,1777497163770,1777497165384,416,1614,1198
104,1777497165040,1777497163770,1777497165443,403,1673,1270
105,1777497165073,1777497163770,1777497165500,427,1730,1303
106,1777497165106,1777497163804,1777497165559,453,1755,1302
107,1777497165209,1777497163804,1777497165616,407,1812,1405
108,1777497165268,1777497163804,1777497165673,405,1869,1464
109,1777497165268,1777497163804,1777497165730,462,1926,1464
110,1777497165368,1777497163838,1777497165793,425,1955,1530
111,1777497165413,1777497163838,1777497165854,441,2016,1575
112,1777497165503,1777497163838,1777497165913,410,2075,1665
113,1777497165535,1777497163872,1777497165972,437,2100,1663
114,1777497165607,1777497163872,1777497166031,424,2159,1735
115,1777497165668,1777497163872,1777497166091,423,2219,1796
116,1777497165739,1777497163872,1777497166149,410,2277,1867
117,1777497165802,1777497163872,1777497166207,405,2335,1930
118,1777497165835,1777497163940,1777497166264,429,2324,1895
119,1777497165912,1777497163940,1777497166321,409,2381,1972
120,1777497165968,1777497163940,1777497166380,412,2440,2028
121,1777497166035,1777497163940,1777497166439,404,2499,2095
122,1777497166067,1777497163940,1777497166497,430,2557,2127
123,1777497166138,1777497163940,1777497166554,416,2614,2198
124,1777497166203,1777497163940,1777497166611,408,2671,2263
125,1777497166268,1777497163940,1777497166671,403,2731,2328
126,1777497166302,1777497163940,1777497166730,428,2790,2362
127,1777497166369,1777497163940,1777497166787,418,2847,2429
128,1777497166445,1777497163940,1777497166845,400,2905,2505
129,1777497166445,1777497163940,1777497166904,459,2964,2505
130,1777497166508,1777497163940,1777497166961,453,3021,2568
131,1777497166602,1777497163940,1777497167020,418,3080,2662
132,1777497166668,1777497163940,1777497167077,409,3137,2728
133,1777497166712,1777497163940,1777497167137,425,3197,2772
134,1777497166770,1777497163940,1777497167195,425,3255,2830
135,1777497166841,1777497163940,1777497167253,412,3313,2901
136,1777497166873,1777497163940,1777497167313,440,3373,2933
137,1777497166968,1777497163940,1777497167373,405,3433,3028
138,1777497166968,1777497163940,1777497167435,467,3495,3028
139,1777497167071,1777497163940,1777497167494,423,3554,3131
140,1777497167136,1777497163940,1777497167553,417,3613,3196
141,1777497167204,1777497163940,1777497167611,407,3671,3264
142,1777497167268,1777497166439,1777497167669,401,1230,829
143,1777497167300,1777497166439,1777497167728,428,1289,861
144,1777497167338,1777497166472,1777497167790,452,1318,866
145,1777497167338,1777497166472,1777497167848,510,1376,866
146,1777497167439,1777497166472,1777497167908,469,1436,967
147,1777497167439,1777497166472,1777497167968,529,1496,967
148,1777497167439,1777497166472,1777497168028,589,1556,967
149,1777497167504,1777497166472,1777497168089,585,1617,1032
150,1777497167504,1777497166472,1777497168148,644,1676,1032
151,1777497167504,1777497166472,1777497168208,704,1736,1032
152,1777497167504,1777497166472,1777497168268,764,1796,1032
153,1777497167538,1777497166472,1777497168327,789,1855,1066
154,1777497167571,1777497167039,1777497168387,816,1348,532
155,1777497167571,1777497167039,1777497168447,876,1408,532
156,1777497167571,1777497167104,1777497168506,935,1402,467
157,1777497167669,1777497167104,1777497168565,896,1461,565
158,1777497167669,1777497167104,1777497168624,955,1520,565
159,1777497167669,1777497167104,1777497168682,1013,1578,565
160,1777497167734,1777497167104,1777497168741,1007,1637,630
161,1777497167802,1777497167104,1777497168801,999,1697,698
162,1777497167802,1777497167104,1777497168861,1059,1757,698
163,1777497167900,1777497167104,1777497168919,1019,1815,796
164,1777497167900,1777497167104,1777497168979,1079,1875,796
165,1777497167900,1777497167104,1777497169038,1138,1934,796
166,1777497168005,1777497167104,1777497169098,1093,1994,901
167,1777497168005,1777497167104,1777497169158,1153,2054,901
168,1777497168005,1777497167968,1777497169219,1214,1251,37
169,1777497168005,1777497167968,1777497169278,1273,1310,37
170,1777497168005,1777497167968,1777497169337,1332,1369,37
171,1777497168735,1777497167968,1777497169396,661,1428,767
172,1777497168735,1777497167968,1777497169455,720,1487,767
173,1777497168769,1777497167968,1777497169514,745,1546,801
174,1777497168808,1777497167968,1777497169574,766,1606,840
175,1777497168873,1777497167968,1777497169633,760,1665,905
176,1777497168873,1777497168938,1777497169691,818,753,65
177,1777497168904,1777497168938,1777497169750,846,812,34
178,1777497168904,1777497169039,1777497169808,904,769,135
179,1777497168969,1777497169039,1777497169866,897,827,70
180,1777497169002,1777497169039,1777497169923,921,884,37
181,1777497169002,1777497169039,1777497169983,981,944,37
182,1777497169002,1777497169039,1777497170043,1041,1004,37
183,1777497169069,1777497169338,1777497170103,1034,765,269
184,1777497169069,1777497169371,1777497170162,1093,791,302
185,1777497169069,1777497169371,1777497170221,1152,850,302
186,1777497169069,1777497169470,1777497170279,1210,809,401
187,1777497169309,1777497169470,1777497170338,1029,868,161
188,1777497169309,1777497169695,1777497170398,1089,703,386
189,1777497169309,1777497169736,1777497170456,1147,720,427
190,1777497169309,1777497169736,1777497170514,1205,778,427
191,1777497169671,1777497169736,1777497170572,901,836,65
192,1777497169703,1777497169736,1777497170632,929,896,33
193,1777497169703,1777497169736,1777497170690,987,954,33
194,1777497169869,1777497169837,1777497170750,881,913,32
195,1777497169869,1777497169872,1777497170809,940,937,3
196,1777497169869,1777497169872,1777497170867,998,995,3
197,1777497169934,1777497169872,1777497170925,991,1053,62
198,1777497169934,1777497169872,1777497170985,1051,1113,62
199,1777497169973,1777497169872,1777497171046,1073,1174,101
200,1777497169973,1777497169872,1777497171106,1133,1234,101
201,1777497169973,1777497169872,1777497171167,1194,1295,101
202,1777497169973,1777497169872,1777497171228,1255,1356,101
203,1777497170043,1777497169872,1777497171290,1247,1418,171
204,1777497170235,1777497170236,1777497171351,1116,1115,1
205,1777497170235,1777497170270,1777497171410,1175,1140,35
206,1777497170235,1777497170270,1777497171469,1234,1199,35
207,1777497170235,1777497170338,1777497171528,1293,1190,103
208,1777497170268,1777497170338,1777497171587,1319,1249,70
209,1777497170268,1777497170338,1777497171646,1378,1308,70
210,1777497170268,1777497170338,1777497171706,1438,1368,70
211,1777497170401,1777497170338,1777497171766,1365,1428,63
212,1777497170401,1777497170338,1777497171826,1425,1488,63
213,1777497170572,1777497170338,1777497171887,1315,1549,234
214,1777497170572,1777497170869,1777497171946,1374,1077,297
215,1777497170572,1777497170869,1777497172004,1432,1135,297
216,1777497170572,1777497170869,1777497172064,1492,1195,297
217,1777497170838,1777497170869,1777497172124,1286,1255,31
218,1777497170838,1777497170869,1777497172184,1346,1315,31
219,1777497170838,1777497170869,1777497172242,1404,1373,31
220,1777497170871,1777497170869,1777497172302,1431,1433,2
221,1777497170871,1777497170869,1777497172363,1492,1494,2
222,1777497170871,1777497170869,1777497172423,1552,1554,2
223,1777497170871,1777497171939,1777497172483,1612,544,1068
224,1777497171136,1777497171960,1777497172542,1406,582,824
225,1777497171136,1777497172002,1777497172600,1464,598,866
226,1777497171136,1777497172002,1777497172658,1522,656,866
227,1777497171136,1777497172037,1777497172717,1581,680,901
228,1777497171136,1777497172071,1777497172777,1641,706,935
229,1777497171136,1777497172203,1777497172837,1701,634,1067
230,1777497171465,1777497172271,1777497172896,1431,625,806
231,1777497171465,1777497172304,1777497172954,1489,650,839
232,1777497171465,1777497172338,1777497173012,1547,674,873
233,1777497171465,1777497172338,1777497173071,1606,733,873
234,1777497171465,1777497172338,1777497173130,1665,792,873
235,1777497171465,1777497172338,1777497173190,1725,852,873
236,1777497171465,1777497172338,1777497173250,1785,912,873
237,1777497171465,1777497172338,1777497173311,1846,973,873
238,1777497171465,1777497172704,1777497173370,1905,666,1239
239,1777497172000,1777497172738,1777497173431,1431,693,738
240,1777497172000,1777497172835,1777497173490,1490,655,835
241,1777497172000,1777497172835,1777497173546,1546,711,835
242,1777497172000,1777497173169,1777497173603,1603,434,1169
243,1777497172000,1777497173169,1777497173662,1662,493,1169
244,1777497172000,1777497173203,1777497173720,1720,517,1203
245,1777497172000,1777497173203,1777497173779,1779,576,1203
246,1777497172000,1777497173203,1777497173837,1837,634,1203
247,1777497172073,1777497173470,1777497173898,1825,428,1397
248,1777497172073,1777497173470,1777497173957,1884,487,1397
249,1777497172073,1777497173539,1777497174017,1944,478,1466
250,1777497172536,1777497173559,1777497174077,1541,518,1023
251,1777497172536,1777497173559,1777497174136,1600,577,1023
252,1777497172536,1777497173634,1777497174195,1659,561,1098
253,1777497172536,1777497173634,1777497174254,1718,620,1098
254,1777497172536,1777497173732,1777497174313,1777,581,1196
255,1777497172536,1777497173732,1777497174372,1836,640,1196
256,1777497172536,1777497173732,1777497174431,1895,699,1196
257,1777497172536,1777497173732,1777497174492,1956,760,1196
258,1777497172536,1777497173802,1777497174553,2017,751,1266
259,1777497172536,1777497173870,1777497174612,2076,742,1334
260,1777497173232,1777497173910,1777497174671,1439,761,678
261,1777497173232,1777497173970,1777497174728,1496,758,738
262,1777497173232,1777497174199,1777497174787,1555,588,967
263,1777497173232,1777497174233,1777497174846,1614,613,1001
264,1777497173271,1777497174338,1777497174904,1633,566,1067
265,1777497173271,1777497174338,1777497174963,1692,625,1067
266,1777497173271,1777497174338,1777497175023,1752,685,1067
267,1777497173271,1777497174338,1777497175082,1811,744,1067
268,1777497173271,1777497174338,1777497175142,1871,804,1067
269,1777497173271,1777497174338,1777497175201,1930,863,1067
270,1777497173699,1777497174634,1777497175261,1562,627,935
271,1777497173699,1777497174634,1777497175320,1621,686,935
272,1777497173699,1777497174634,1777497175381,1682,747,935
273,1777497173699,1777497174737,1777497175440,1741,703,1038
274,1777497173733,1777497174903,1777497175498,1765,595,1170
275,1777497173733,1777497174903,1777497175556,1823,653,1170
276,1777497173733,1777497174903,1777497175615,1882,712,1170
277,1777497173733,1777497174903,1777497175674,1941,771,1170
278,1777497173733,1777497174970,1777497175732,1999,762,1237
279,1777497173733,1777497174992,1777497175792,2059,800,1259
280,1777497173733,1777497175050,1777497175851,2118,801,1317
281,1777497173733,1777497175050,1777497175910,2177,860,1317
282,1777497173733,1777497175050,1777497175969,2236,919,1317
283,1777497174201,1777497175050,1777497176029,1828,979,849
284,1777497174201,1777497175050,1777497176088,1887,1038,849
285,1777497174201,1777497175050,1777497176148,1947,1098,849
286,1777497174201,1777497175050,1777497176208,2007,1158,849
287,1777497174201,1777497175050,1777497176270,2069,1220,849
288,1777497174201,1777497175050,1777497176330,2129,1280,849
289,1777497174201,1777497175050,1777497176391,2190,1341,849
290,1777497174201,1777497175050,1777497176450,2249,1400,849
291,1777497174765,1777497175050,1777497176510,1745,1460,285
292,1777497174765,1777497175271,1777497176571,1806,1300,506
293,1777497174765,1777497175271,1777497176630,1865,1359,506
294,1777497174765,1777497175271,1777497176689,1924,1418,506
295,1777497174765,1777497175271,1777497176750,1985,1479,506
296,1777497175400,1777497175271,1777497176810,1410,1539,129
297,1777497175400,1777497175271,1777497176870,1470,1599,129
298,1777497175400,1777497175271,1777497176930,1530,1659,129
299,1777497175400,1777497175271,1777497176990,1590,1719,129
300,1777497175400,1777497175271,1777497177051,1651,1780,129
301,1777497175400,1777497175271,1777497177112,1712,1841,129
302,1777497175400,1777497175292,1777497177171,1771,1879,108
303,1777497175934,1777497175334,1777497177231,1297,1897,600
304,1777497175934,1777497175368,1777497177289,1355,1921,566
305,1777497175934,1777497175368,1777497177350,1416,1982,566
306,1777497175934,1777497175368,1777497177408,1474,2040,566
307,1777497175934,1777497175368,1777497177467,1533,2099,566
308,1777497176330,1777497176134,1777497177529,1199,1395,196
309,1777497176330,1777497176169,1777497177589,1259,1420,161
310,1777497176466,1777497176169,1777497177648,1182,1479,297
311,1777497176466,1777497176169,1777497177708,1242,1539,297
312,1777497176466,1777497176169,1777497177768,1302,1599,297
313,1777497176798,1777497176169,1777497177828,1030,1659,629
314,1777497176798,1777497176169,1777497177887,1089,1718,629
315,1777497177264,1777497176169,1777497177947,683,1778,1095
316,1777497177264,1777497176169,1777497178004,740,1835,1095
317,1777497177368,1777497176169,1777497178062,694,1893,1199
318,1777497177435,1777497176169,1777497178121,686,1952,1266
319,1777497177435,1777497176169,1777497178179,744,2010,1266
320,1777497177435,1777497176169,1777497178239,804,2070,1266
321,1777497177866,1777497177191,1777497178298,432,1107,675
322,1777497177866,1777497177191,1777497178358,492,1167,675
323,1777497177974,1777497177191,1777497178415,441,1224,783
324,1777497178064,1777497177191,1777497178472,408,1281,873
325,1777497178064,1777497177191,1777497178529,465,1338,873
326,1777497178163,1777497177191,1777497178585,422,1394,972
327,1777497178228,1777497177191,1777497178643,415,1452,1037
328,1777497178299,1777497177191,1777497178702,403,1511,1108
329,1777497178333,1777497177191,1777497178760,427,1569,1142
330,1777497178397,1777497177191,1777497178818,421,1627,1206
331,1777497178464,1777497177191,1777497178875,411,1684,1273
332,1777497178530,1777497177191,1777497178932,402,1741,1339
333,1777497178562,1777497177231,1777497178996,434,1765,1331
334,1777497178601,1777497177231,1777497179054,453,1823,1370
335,1777497178701,1777497177391,1777497179111,410,1720,1310
336,1777497178728,1777497177391,1777497179168,440,1777,1337
337,1777497178800,1777497177434,1777497179225,425,1791,1366
338,1777497178865,1777497177434,1777497179283,418,1849,1431
339,1777497178931,1777497177434,1777497179342,411,1908,1497
340,1777497178995,1777497177434,1777497179400,405,1966,1561
341,1777497179033,1777497177434,1777497179459,426,2025,1599
342,1777497179099,1777497177434,1777497179516,417,2082,1665
343,1777497179167,1777497177434,1777497179572,405,2138,1733
344,1777497179200,1777497177434,1777497179630,430,2196,1766
345,1777497179233,1777497177434,1777497179690,457,2256,1799
346,1777497179309,1777497177434,1777497179750,441,2316,1875
347,1777497179399,1777497177434,1777497179808,409,2374,1965
348,1777497179463,1777497177434,1777497179867,404,2433,2029
349,1777497179496,1777497177434,1777497179928,432,2494,2062
350,1777497179563,1777497177434,1777497179986,423,2552,2129
351,1777497179597,1777497177434,1777497180045,448,2611,2163
352,1777497179597,1777497177434,1777497180104,507,2670,2163
353,1777497179629,1777497177434,1777497180163,534,2729,2195
354,1777497179662,1777497177434,1777497180223,561,2789,2228
355,1777497179700,1777497177434,1777497180282,582,2848,2266
356,1777497179733,1777497177434,1777497180340,607,2906,2299
357,1777497179796,1777497177434,1777497180399,603,2965,2362
358,1777497179796,1777497177434,1777497180457,661,3023,2362
359,1777497179870,1777497177434,1777497180515,645,3081,2436
360,1777497179934,1777497177434,1777497180574,640,3140,2500
361,1777497179934,1777497177434,1777497180633,699,3199,2500
362,1777497179962,1777497178757,1777497180691,729,1934,1205
363,1777497179962,1777497178757,1777497180750,788,1993,1205
364,1777497180001,1777497178757,1777497180810,809,2053,1244
365,1777497180001,1777497178757,1777497180870,869,2113,1244
366,1777497180028,1777497180198,1777497180928,900,730,170
367,1777497180028,1777497180231,1777497180986,958,755,203
368,1777497180028,1777497180231,1777497181045,1017,814,203
369,1777497180028,1777497180307,1777497181105,1077,798,279
370,1777497180066,1777497180307,1777497181164,1098,857,241
371,1777497180099,1777497180307,1777497181223,1124,916,208
372,1777497180099,1777497180307,1777497181282,1183,975,208
373,1777497180099,1777497180307,1777497181341,1242,1034,208
374,1777497180099,1777497180856,1777497181402,1303,546,757
375,1777497180099,1777497180856,1777497181461,1362,605,757
376,1777497180132,1777497180956,1777497181520,1388,564,824
377,1777497180132,1777497181031,1777497181578,1446,547,899
378,1777497180132,1777497181031,1777497181635,1503,604,899
379,1777497180132,1777497181130,1777497181695,1563,565,998
380,1777497180132,1777497181165,1777497181753,1621,588,1033
381,1777497180132,1777497181165,1777497181812,1680,647,1033
382,1777497180164,1777497181165,1777497181871,1707,706,1001
383,1777497180164,1777497181467,1777497181929,1765,462,1303
384,1777497180164,1777497181567,1777497181987,1823,420,1403
385,1777497180196,1777497181634,1777497182045,1849,411,1438
386,1777497180196,1777497181656,1777497182102,1906,446,1460
387,1777497180228,1777497181716,1777497182158,1930,442,1488
388,1777497180228,1777497181789,1777497182215,1987,426,1561
389,1777497180228,1777497181856,1777497182272,2044,416,1628
390,1777497180228,1777497181897,1777497182330,2102,433,1669
391,1777497180228,1777497181966,1777497182388,2160,422,1738
392,1777497180228,1777497182031,1777497182444,2216,413,1803
393,1777497180228,1777497182095,1777497182499,2271,404,1867
394,1777497180228,1777497182156,1777497182556,2328,400,1928
395,1777497180529,1777497182198,1777497182613,2084,415,1669
396,1777497180529,1777497182232,1777497182670,2141,438,1703
397,1777497180529,1777497182272,1777497182726,2197,454,1743
398,1777497180529,1777497182366,1777497182783,2254,417,1837
399,1777497180529,1777497182433,1777497182842,2313,409,1904
400,1777497181033,1777497182494,1777497182902,1869,408,1461
401,1777497181033,1777497182555,1777497182959,1926,404,1522
402,1777497181066,1777497182597,1777497183016,1950,419,1531
403,1777497181066,1777497182666,1777497183073,2007,407,1600
404,1777497181066,1777497182722,1777497183130,2064,408,1656
405,1777497181066,1777497182764,1777497183190,2124,426,1698
406,1777497181066,1777497182832,1777497183248,2182,416,1766
407,1777497181066,1777497182889,1777497183306,2240,417,1823
408,1777497182465,1777497182930,1777497183364,899,434,465
409,1777497182465,1777497183000,1777497183421,956,421,535
410,1777497182465,1777497183062,1777497183478,1013,416,597
411,1777497182497,1777497183132,1777497183536,1039,404,635
412,1777497182497,1777497183165,1777497183593,1096,428,668
413,1777497182497,1777497183231,1777497183651,1154,420,734
414,1777497182698,1777497183299,1777497183710,1012,411,601
415,1777497182698,1777497183366,1777497183770,1072,404,668
416,1777497182698,1777497183388,1777497183827,1129,439,690
417,1777497182831,1777497183468,1777497183884,1053,416,637
418,1777497182831,1777497183530,1777497183941,1110,411,699
419,1777497182831,1777497183565,1777497183999,1168,434,734
420,1777497182831,1777497183630,1777497184057,1226,427,799
421,1777497182831,1777497183698,1777497184117,1286,419,867
422,1777497183030,1777497183766,1777497184179,1149,413,736
423,1777497183030,1777497183766,1777497184238,1208,472,736
424,1777497183198,1777497183865,1777497184297,1099,432,667
425,1777497183198,1777497183931,1777497184355,1157,424,733
426,1777497183198,1777497183988,1777497184413,1215,425,790
427,1777497183198,1777497184032,1777497184471,1273,439,834
428,1777497183198,1777497184098,1777497184529,1331,431,900
429,1777497183198,1777497184163,1777497184588,1390,425,965
430,1777497183198,1777497184198,1777497184644,1446,446,1000
431,1777497183198,1777497184298,1777497184701,1503,403,1100
432,1777497183728,1777497184298,1777497184759,1031,461,570
433,1777497183728,1777497184400,1777497184816,1088,416,672
434,1777497183799,1777497184400,1777497184874,1075,474,601
435,1777497183799,1777497184531,1777497184933,1134,402,732
436,1777497183832,1777497184531,1777497184992,1160,461,699
437,1777497183832,1777497184622,1777497185051,1219,429,790
438,1777497183832,1777497184696,1777497185110,1278,414,864
439,1777497183832,1777497184765,1777497185168,1336,403,933
440,1777497184028,1777497184765,1777497185225,1197,460,737
441,1777497184028,1777497184861,1777497185282,1254,421,833
442,1777497184028,1777497184861,1777497185340,1312,479,833
443,1777497184028,1777497184998,1777497185398,1370,400,970
444,1777497184028,1777497184998,1777497185457,1429,459,970
445,1777497184028,1777497185096,1777497185517,1489,421,1068
446,1777497184028,1777497185165,1777497185576,1548,411,1137
447,1777497184028,1777497185165,1777497185634,1606,469,1137
448,1777497184028,1777497185265,1777497185692,1664,427,1237
449,1777497184028,1777497185338,1777497185752,1724,414,1310
450,1777497184028,1777497185338,1777497185813,1785,475,1310
451,1777497184028,1777497185466,1777497185872,1844,406,1438
452,1777497184028,1777497185466,1777497185930,1902,464,1438
453,1777497184028,1777497185563,1777497185987,1959,424,1535
454,1777497184599,1777497185598,1777497186045,1446,447,999
455,1777497184599,1777497185698,1777497186103,1504,405,1099
456,1777497184599,1777497185698,1777497186162,1563,464,1099
457,1777497184599,1777497185796,1777497186220,1621,424,1197
458,1777497184599,1777497185865,1777497186278,1679,413,1266
459,1777497185031,1777497185865,1777497186335,1304,470,834
460,1777497185031,1777497185965,1777497186392,1361,427,934
461,1777497185064,1777497185965,1777497186452,1388,487,901
462,1777497185064,1777497186075,1777497186511,1447,436,1011
463,1777497185064,1777497186075,1777497186568,1504,493,1011
464,1777497185295,1777497186195,1777497186625,1330,430,900
465,1777497185327,1777497186195,1777497186684,1357,489,868
466,1777497185327,1777497186329,1777497186741,1414,412,1002
467,1777497185327,1777497186329,1777497186801,1474,472,1002
468,1777497185327,1777497186454,1777497186862,1535,408,1127
469,1777497185327,1777497186454,1777497186922,1595,468,1127
470,1777497185327,1777497186562,1777497186980,1653,418,1235
471,1777497185327,1777497186562,1777497187038,1711,476,1235
472,1777497185327,1777497186644,1777497187096,1769,452,1317
473,1777497185327,1777497186732,1777497187156,1829,424,1405
474,1777497185327,1777497186732,1777497187216,1889,484,1405
475,1777497185327,1777497186868,1777497187275,1948,407,1541
476,1777497185327,1777497186868,1777497187334,2007,466,1541
477,1777497185327,1777497186964,1777497187391,2064,427,1637
478,1777497185327,1777497186964,1777497187451,2124,487,1637
479,1777497185327,1777497187098,1777497187509,2182,411,1771
480,1777497185327,1777497187098,1777497187569,2242,471,1771
481,1777497185327,1777497187195,1777497187630,2303,435,1868
482,1777497185327,1777497187195,1777497187688,2361,493,1868
483,1777497185327,1777497187264,1777497187748,2421,484,1937
484,1777497186196,1777497187264,1777497187810,1614,546,1068
485,1777497186196,1777497187298,1777497187870,1674,572,1102
486,1777497186196,1777497187298,1777497187929,1733,631,1102
487,1777497186196,1777497187298,1777497187989,1793,691,1102
488,1777497186196,1777497187331,1777497188050,1854,719,1135
489,1777497186196,1777497187360,1777497188110,1914,750,1164
490,1777497186196,1777497187360,1777497188169,1973,809,1164
491,1777497186234,1777497187395,1777497188229,1995,834,1161
492,1777497186234,1777497187395,1777497188287,2053,892,1161
493,1777497186234,1777497187395,1777497188348,2114,953,1161
494,1777497186234,1777497187395,1777497188407,2173,1012,1161
495,1777497186234,1777497187464,1777497188469,2235,1005,1230
496,1777497186234,1777497187504,1777497188528,2294,1024,1270
497,1777497186234,1777497187504,1777497188587,2353,1083,1270
498,1777497186234,1777497187564,1777497188648,2414,1084,1330
499,1777497186234,1777497187598,1777497188706,2472,1108,1364
500,1777497186234,1777497187598,1777497188764,2530,1166,1364
501,1777497186234,1777497187620,1777497188824,2590,1204,1386
502,1777497186234,1777497187620,1777497188883,2649,1263,1386
503,1777497186234,1777497187620,1777497188943,2709,1323,1386
504,1777497186234,1777497187620,1777497189003,2769,1383,1386
505,1777497186234,1777497187620,1777497189063,2829,1443,1386
506,1777497186234,1777497187620,1777497189123,2889,1503,1386
507,1777497186234,1777497187620,1777497189184,2950,1564,1386
508,1777497186234,1777497187620,1777497189244,3010,1624,1386
509,1777497186234,1777497187620,1777497189304,3070,1684,1386
510,1777497186234,1777497187620,1777497189366,3132,1746,1386
511,1777497186234,1777497187620,1777497189427,3193,1807,1386
512,1777497186234,1777497187620,1777497189490,3256,1870,1386
513,1777497186234,1777497187620,1777497189551,3317,1931,1386
514,1777497186234,1777497187620,1777497189613,3379,1993,1386
515,1777497186234,1777497187620,1777497189676,3442,2056,1386
516,1777497186234,1777497187620,1777497189741,3507,2121,1386
517,1777497186234,1777497187620,1777497189807,3573,2187,1386
518,1777497186234,1777497187620,1777497189869,3635,2249,1386
519,1777497186234,1777497187620,1777497189930,3696,2310,1386
520,1777497186234,1777497187620,1777497189990,3756,2370,1386
521,1777497186234,1777497187620,1777497190052,3818,2432,1386
522,1777497186234,1777497187620,1777497190115,3881,2495,1386
523,1777497186234,1777497187620,1777497190177,3943,2557,1386
524,1777497186234,1777497187620,1777497190239,4005,2619,1386
525,1777497186234,1777497187620,1777497190302,4068,2682,1386
526,1777497186234,1777497187620,1777497190365,4131,2745,1386
527,1777497186234,1777497187620,1777497190428,4194,2808,1386
528,1777497186234,1777497187620,1777497190493,4259,2873,1386
529,1777497186234,1777497187620,1777497190557,4323,2937,1386
530,1777497186234,1777497187620,1777497190619,4385,2999,1386
531,1777497186234,1777497187620,1777497190679,4445,3059,1386
532,1777497186234,1777497187620,1777497190741,4507,3121,1386
533,1777497186234,1777497188464,1777497190802,4568,2338,2230
534,1777497186234,1777497188464,1777497190862,4628,2398,2230
535,1777497186234,1777497188464,1777497190923,4689,2459,2230
536,1777497186234,1777497188464,1777497190983,4749,2519,2230
537,1777497186234,1777497188464,1777497191043,4809,2579,2230
538,1777497186234,1777497188498,1777497191104,4870,2606,2264
539,1777497186234,1777497188498,1777497191165,4931,2667,2264
540,1777497186234,1777497188498,1777497191226,4992,2728,2264
541,1777497186234,1777497188498,1777497191286,5052,2788,2264
542,1777497186234,1777497188498,1777497191347,5113,2849,2264
543,1777497186234,1777497188498,1777497191409,5175,2911,2264
544,1777497186234,1777497188498,1777497191471,5237,2973,2264
545,1777497186234,1777497188498,1777497191532,5298,3034,2264
546,1777497186234,1777497188498,1777497191595,5361,3097,2264
547,1777497186234,1777497188498,1777497191656,5422,3158,2264
548,1777497186234,1777497188498,1777497191721,5487,3223,2264
549,1777497186234,1777497188498,1777497191788,5554,3290,2264
550,1777497186234,1777497188498,1777497191852,5618,3354,2264
551,1777497186234,1777497188498,1777497191918,5684,3420,2264
552,1777497186234,1777497188498,1777497191980,5746,3482,2264
553,1777497186234,1777497188498,1777497192043,5809,3545,2264
554,1777497186234,1777497188498,1777497192105,5871,3607,2264
555,1777497186234,1777497188498,1777497192168,5934,3670,2264
556,1777497186234,1777497188498,1777497192232,5998,3734,2264
557,1777497186234,1777497188498,1777497192293,6059,3795,2264
558,1777497186234,1777497188498,1777497192355,6121,3857,2264
559,1777497186234,1777497188498,1777497192415,6181,3917,2264
560,1777497189962,1777497188498,1777497192476,2514,3978,1464
561,1777497189962,1777497188498,1777497192535,2573,4037,1464
562,1777497189962,1777497188498,1777497192595,2633,4097,1464
563,1777497189962,1777497188498,1777497192656,2694,4158,1464
564,1777497189962,1777497188498,1777497192717,2755,4219,1464
565,1777497189962,1777497188498,1777497192778,2816,4280,1464
566,1777497189962,1777497188498,1777497192839,2877,4341,1464
567,1777497189962,1777497188498,1777497192901,2939,4403,1464
568,1777497189962,1777497188498,1777497192963,3001,4465,1464
569,1777497189962,1777497188498,1777497193026,3064,4528,1464
570,1777497189962,1777497188498,1777497193089,3127,4591,1464
571,1777497189962,1777497188498,1777497193152,3190,4654,1464
572,1777497189962,1777497191760,1777497193213,3251,1453,1798
573,1777497189962,1777497191760,1777497193271,3309,1511,1798
574,1777497189962,1777497191760,1777497193331,3369,1571,1798
575,1777497189962,1777497191760,1777497193391,3429,1631,1798
576,1777497189962,1777497191760,1777497193452,3490,1692,1798
577,1777497189962,1777497191760,1777497193512,3550,1752,1798
578,1777497189962,1777497191760,1777497193573,3611,1813,1798
579,1777497189962,1777497191760,1777497193633,3671,1873,1798
580,1777497189962,1777497192662,1777497193693,3731,1031,2700
581,1777497189962,1777497192662,1777497193753,3791,1091,2700
582,1777497189962,1777497192662,1777497193813,3851,1151,2700
583,1777497189962,1777497192662,1777497193873,3911,1211,2700
584,1777497189962,1777497192662,1777497193935,3973,1273,2700
585,1777497189962,1777497192662,1777497193996,4034,1334,2700
586,1777497189962,1777497192662,1777497194058,4096,1396,2700
587,1777497189962,1777497193495,1777497194119,4157,624,3533
588,1777497192858,1777497193592,1777497194179,1321,587,734
589,1777497192858,1777497193592,1777497194238,1380,646,734
590,1777497192858,1777497193592,1777497194297,1439,705,734
591,1777497192858,1777497193592,1777497194357,1499,765,734
592,1777497192892,1777497193895,1777497194418,1526,523,1003
593,1777497192892,1777497193895,1777497194477,1585,582,1003
594,1777497192892,1777497193917,1777497194537,1645,620,1025
595,1777497192892,1777497193958,1777497194595,1703,637,1066
596,1777497192892,1777497193984,1777497194655,1763,671,1092
597,1777497192892,1777497194027,1777497194714,1822,687,1135
598,1777497192892,1777497194126,1777497194773,1881,647,1234
599,1777497192892,1777497194194,1777497194831,1939,637,1302
600,1777497192892,1777497194229,1777497194888,1996,659,1337
601,1777497192925,1777497194250,1777497194946,2021,696,1325
602,1777497192925,1777497194250,1777497195004,2079,754,1325
603,1777497192925,1777497194250,1777497195063,2138,813,1325
604,1777497192925,1777497194250,1777497195123,2198,873,1325
605,1777497192925,1777497194250,1777497195184,2259,934,1325
606,1777497192925,1777497194250,1777497195244,2319,994,1325
607,1777497192925,1777497194250,1777497195303,2378,1053,1325
608,1777497192925,1777497194761,1777497195366,2441,605,1836
609,1777497192992,1777497194794,1777497195426,2434,632,1802
610,1777497192992,1777497194794,1777497195485,2493,691,1802
611,1777497192992,1777497194794,1777497195545,2553,751,1802
612,1777497192992,1777497194794,1777497195606,2614,812,1802
613,1777497193025,1777497194794,1777497195665,2640,871,1769
614,1777497193025,1777497194817,1777497195725,2700,908,1792
615,1777497193025,1777497194817,1777497195785,2760,968,1792
616,1777497193025,1777497194817,1777497195843,2818,1026,1792
617,1777497193025,1777497194856,1777497195905,2880,1049,1831
618,1777497193025,1777497194891,1777497195964,2939,1073,1866
619,1777497193025,1777497194926,1777497196023,2998,1097,1901
620,1777497193025,1777497194961,1777497196082,3057,1121,1936
621,1777497193025,1777497194961,1777497196141,3116,1180,1936
622,1777497193025,1777497194961,1777497196202,3177,1241,1936
623,1777497193025,1777497194961,1777497196262,3237,1301,1936
624,1777497193025,1777497194961,1777497196323,3298,1362,1936
625,1777497193025,1777497194961,1777497196383,3358,1422,1936
626,1777497193025,1777497194961,1777497196442,3417,1481,1936
627,1777497193025,1777497195228,1777497196503,3478,1275,2203
628,1777497193025,1777497195228,1777497196562,3537,1334,2203
629,1777497193025,1777497195294,1777497196621,3596,1327,2269
630,1777497193025,1777497195294,1777497196681,3656,1387,2269
631,1777497193025,1777497195294,1777497196740,3715,1446,2269
632,1777497193025,1777497195294,1777497196802,3777,1508,2269
633,1777497193025,1777497195294,1777497196863,3838,1569,2269
634,1777497193025,1777497195294,1777497196925,3900,1631,2269
635,1777497193025,1777497195294,1777497196986,3961,1692,2269
636,1777497193025,1777497195294,1777497197048,4023,1754,2269
637,1777497193025,1777497195294,1777497197111,4086,1817,2269
638,1777497193025,1777497195294,1777497197173,4148,1879,2269
639,1777497193025,1777497195294,1777497197236,4211,1942,2269
640,1777497193025,1777497195294,1777497197299,4274,2005,2269
641,1777497193025,1777497195294,1777497197363,4338,2069,2269
642,1777497193025,1777497195294,1777497197426,4401,2132,2269
643,1777497193025,1777497195294,1777497197490,4465,2196,2269
644,1777497196389,1777497195294,1777497197552,1163,2258,1095
645,1777497196389,1777497195294,1777497197616,1227,2322,1095
646,1777497196389,1777497196558,1777497197679,1290,1121,169
647,1777497196422,1777497196558,1777497197739,1317,1181,136
648,1777497196488,1777497196558,1777497197798,1310,1240,70
649,1777497196488,1777497196558,1777497197858,1370,1300,70
650,1777497196488,1777497196593,1777497197919,1431,1326,105
651,1777497196488,1777497196593,1777497197982,1494,1389,105
652,1777497196488,1777497196593,1777497198042,1554,1449,105
653,1777497196488,1777497196593,1777497198102,1614,1509,105
654,1777497196488,1777497196593,1777497198163,1675,1570,105
655,1777497196488,1777497196593,1777497198222,1734,1629,105
656,1777497196488,1777497196593,1777497198282,1794,1689,105
657,1777497196488,1777497196593,1777497198343,1855,1750,105
658,1777497197154,1777497196593,1777497198403,1249,1810,561
659,1777497197154,1777497196593,1777497198463,1309,1870,561
660,1777497197192,1777497197494,1777497198524,1332,1030,302
661,1777497197192,1777497197494,1777497198585,1393,1091,302
662,1777497197192,1777497197494,1777497198644,1452,1150,302
663,1777497197192,1777497197494,1777497198704,1512,1210,302
664,1777497197192,1777497197494,1777497198765,1573,1271,302
665,1777497197356,1777497197494,1777497198825,1469,1331,138
666,1777497197356,1777497198227,1777497198887,1531,660,871
667,1777497197356,1777497198261,1777497198947,1591,686,905
668,1777497197388,1777497198324,1777497199007,1619,683,936
669,1777497197388,1777497198324,1777497199065,1677,741,936
670,1777497197388,1777497198324,1777497199124,1736,800,936
671,1777497197388,1777497198324,1777497199184,1796,860,936
672,1777497197388,1777497198793,1777497199242,1854,449,1405
673,1777497197388,1777497198892,1777497199301,1913,409,1504
674,1777497197388,1777497198926,1777497199359,1971,433,1538
675,1777497197388,1777497198991,1777497199415,2027,424,1603
676,1777497197522,1777497199060,1777497199473,1951,413,1538
677,1777497197555,1777497199116,1777497199532,1977,416,1561
678,1777497197555,1777497199158,1777497199590,2035,432,1603
679,1777497197555,1777497199226,1777497199646,2091,420,1671
680,1777497197555,1777497199289,1777497199702,2147,413,1734
681,1777497197555,1777497199324,1777497199758,2203,434,1769
682,1777497197555,1777497199398,1777497199814,2259,416,1843
683,1777497197555,1777497199458,1777497199870,2315,412,1903
684,1777497197922,1777497199458,1777497199925,2003,467,1536
685,1777497197922,1777497199582,1777497199982,2060,400,1660
686,1777497197922,1777497199582,1777497200041,2119,459,1660
687,1777497197922,1777497199693,1777497200101,2179,408,1771
688,1777497197922,1777497199693,1777497200159,2237,466,1771
689,1777497197922,1777497199790,1777497200215,2293,425,1868
690,1777497197922,1777497199790,1777497200273,2351,483,1868
691,1777497197922,1777497199926,1777497200331,2409,405,2004
692,1777497197922,1777497199926,1777497200390,2468,464,2004
693,1777497197922,1777497200023,1777497200449,2527,426,2101
694,1777497197922,1777497200023,1777497200507,2585,484,2101
695,1777497199358,1777497200160,1777497200565,1207,405,802
696,1777497199589,1777497200160,1777497200624,1035,464,571
697,1777497199589,1777497200259,1777497200681,1092,422,670
698,1777497199724,1777497200259,1777497200740,1016,481,535
699,1777497199756,1777497200394,1777497200798,1042,404,638
700,1777497199756,1777497200394,1777497200858,1102,464,638
701,1777497199756,1777497200493,1777497200915,1159,422,737
702,1777497199756,1777497200493,1777497200972,1216,479,737
703,1777497199756,1777497200615,1777497201030,1274,415,859
704,1777497199756,1777497200615,1777497201084,1328,469,859
705,1777497200290,1777497200725,1777497201141,851,416,435
706,1777497200290,1777497200725,1777497201198,908,473,435
707,1777497200290,1777497200823,1777497201255,965,432,533
708,1777497200290,1777497200823,1777497201311,1021,488,533
709,1777497200290,1777497200959,1777497201368,1078,409,669
710,1777497200522,1777497200959,1777497201428,906,469,437
711,1777497200522,1777497201057,1777497201486,964,429,535
712,1777497200522,1777497201057,1777497201548,1026,491,535
713,1777497200586,1777497201190,1777497201607,1021,417,604
714,1777497200624,1777497201190,1777497201666,1042,476,566
715,1777497200624,1777497201314,1777497201724,1100,410,690
716,1777497200656,1777497201314,1777497201782,1126,468,658
717,1777497200656,1777497201356,1777497201840,1184,484,700
718,1777497200822,1777497201356,1777497201898,1076,542,534
719,1777497200822,1777497201356,1777497201957,1135,601,534
720,1777497201125,1777497201356,1777497202018,893,662,231
721,1777497201125,1777497201356,1777497202078,953,722,231
722,1777497201125,1777497201356,1777497202137,1012,781,231
723,1777497201555,1777497201356,1777497202197,642,841,199
724,1777497201625,1777497201356,1777497202256,631,900,269
725,1777497201692,1777497201356,1777497202315,623,959,336
726,1777497201891,1777497201356,1777497202373,482,1017,535
727,1777497201924,1777497201356,1777497202430,506,1074,568
728,1777497201989,1777497201356,1777497202489,500,1133,633
729,1777497202089,1777497201356,1777497202547,458,1191,733
730,1777497202156,1777497201391,1777497202603,447,1212,765
731,1777497202223,1777497201391,1777497202659,436,1268,832
732,1777497202286,1777497201391,1777497202715,429,1324,895
733,1777497202325,1777497201391,1777497202773,448,1382,934
734,1777497202422,1777497201391,1777497202830,408,1439,1031
735,1777497202453,1777497201391,1777497202887,434,1496,1062
736,1777497202522,1777497201391,1777497202943,421,1552,1131
737,1777497202590,1777497201391,1777497202999,409,1608,1199
738,1777497202653,1777497201391,1777497203056,403,1665,1262
739,1777497202686,1777497201391,1777497203114,428,1723,1295
740,1777497202754,1777497201391,1777497203172,418,1781,1363
741,1777497202825,1777497201391,1777497203228,403,1837,1434
742,1777497202858,1777497201391,1777497203286,428,1895,1467
743,1777497202923,1777497201391,1777497203346,423,1955,1532
744,1777497202988,1777497201391,1777497203405,417,2014,1597
745,1777497203060,1777497201391,1777497203463,403,2072,1669
746,1777497203060,1777497201391,1777497203522,462,2131,1669
747,1777497203157,1777497201391,1777497203581,424,2190,1766
748,1777497203220,1777497201460,1777497203640,420,2180,1760
749,1777497203290,1777497201523,1777497203698,408,2175,1767
750,1777497203324,1777497201592,1777497203754,430,2162,1732
751,1777497203389,1777497201625,1777497203810,421,2185,1764
752,1777497203456,1777497201659,1777497203866,410,2207,1797
753,1777497203490,1777497201659,1777497203924,434,2265,1831
754,1777497203553,1777497201698,1777497203981,428,2283,1855
755,1777497203618,1777497201698,1777497204038,420,2340,1920
756,1777497203686,1777497201698,1777497204095,409,2397,1988
757,1777497203752,1777497203658,1777497204153,401,495,94
758,1777497203790,1777497203658,1777497204210,420,552,132
759,1777497203856,1777497203692,1777497204268,412,576,164
760,1777497203918,1777497203824,1777497204326,408,502,94
761,1777497203957,1777497203922,1777497204384,427,462,35
762,1777497204021,1777497203991,1777497204439,418,448,30
763,1777497204088,1777497204053,1777497204494,406,441,35
764,1777497204122,1777497204053,1777497204551,429,498,69
765,1777497204188,1777497204087,1777497204608,420,521,101
766,1777497204221,1777497204087,1777497204667,446,580,134
767,1777497204319,1777497204324,1777497204724,405,400,5
768,1777497204351,1777497204380,1777497204781,430,401,29
769,1777497204431,1777497204421,1777497204836,405,415,10
770,1777497204457,1777497204491,1777497204893,436,402,34
771,1777497204518,1777497204524,1777497204949,431,425,6
772,1777497204584,1777497204580,1777497205005,421,425,4
773,1777497204655,1777497204656,1777497205061,406,405,1
774,1777497204688,1777497204691,1777497205116,428,425,3
775,1777497204755,1777497204754,1777497205173,418,419,1
776,1777497204822,1777497204824,1777497205230,408,406,2
777,1777497204888,1777497204857,1777497205288,400,431,31
778,1777497204922,1777497204902,1777497205344,422,442,20
779,1777497204991,1777497204990,1777497205399,408,409,1
780,1777497205055,1777497205024,1777497205455,400,431,31
781,1777497205088,1777497205064,1777497205512,424,448,24
782,1777497205152,1777497205157,1777497205570,418,413,5
783,1777497205223,1777497205197,1777497205629,406,432,26
784,1777497205256,1777497205255,1777497205685,429,430,1
785,1777497205319,1777497205324,1777497205741,422,417,5
786,1777497205352,1777497205346,1777497205799,447,453,6
787,1777497205456,1777497205346,1777497205863,407,517,110
788,1777497205522,1777497205386,1777497205923,401,537,136
789,1777497205554,1777497205420,1777497205980,426,560,134
790,1777497205554,1777497205453,1777497206038,484,585,101
791,1777497205626,1777497205453,1777497206096,470,643,173
792,1777497205752,1777497205453,1777497206154,402,701,299
793,1777497205752,1777497205453,1777497206212,460,759,299
794,1777497205822,1777497205488,1777497206271,449,783,334
795,1777497205890,1777497205521,1777497206329,439,808,369
796,1777497205988,1777497205521,1777497206389,401,868,467
797,1777497206020,1777497205554,1777497206448,428,894,466
798,1777497206054,1777497205688,1777497206507,453,819,366
799,1777497206124,1777497205791,1777497206565,441,774,333
800,1777497206155,1777497205791,1777497206623,468,832,364
801,1777497206155,1777497205812,1777497206682,527,870,343
802,1777497206188,1777497205812,1777497206740,552,928,376
803,1777497206188,1777497206387,1777497206799,611,412,199
