frame_index,cam_0_ts_ms,cam_1_ts_ms,cam_2_ts_ms,cam_3_ts_ms,playback_time_ms,latency_0_ms,latency_1_ms,latency_2_ms,latency_3_ms,sync_error_ms
0,1777425361321,1777425360707,1777425361337,1777425361625,1777425362038,717,1331,701,413,918
1,1777425361321,1777425360707,1777425361439,1777425361858,1777425362277,956,1570,838,419,1151
2,1777425361321,1777425360707,1777425361439,1777425361892,1777425362360,1039,1653,921,468,1185
3,1777425361321,1777425360707,1777425361439,1777425361926,1777425362446,1125,1739,1007,520,1219
4,1777425361321,1777425360707,1777425361649,1777425362026,1777425362532,1211,1825,883,506,1319
5,1777425361321,1777425360707,1777425361649,1777425362059,1777425362620,1299,1913,971,561,1352
6,1777425361321,1777425360707,1777425361784,1777425362059,1777425362701,1380,1994,917,642,1352
7,1777425361321,1777425360707,1777425361784,1777425362128,1777425362782,1461,2075,998,654,1421
8,1777425361321,1777425360707,1777425361784,1777425362128,1777425362864,1543,2157,1080,736,1421
9,1777425361321,1777425360707,1777425361784,1777425362128,1777425362945,1624,2238,1161,817,1421
10,1777425361321,1777425360707,1777425361784,1777425362149,1777425363026,1705,2319,1242,877,1442
11,1777425361321,1777425360707,1777425361784,1777425362188,1777425363107,1786,2400,1323,919,1481
12,1777425361321,1777425360707,1777425361784,1777425362188,1777425363189,1868,2482,1405,1001,1481
13,1777425361321,1777425360707,1777425362601,1777425362515,1777425363271,1950,2564,670,756,1894
14,1777425361321,1777425360707,1777425362601,1777425362591,1777425363352,2031,2645,751,761,1894
15,1777425361321,1777425360707,1777425362642,1777425362591,1777425363433,2112,2726,791,842,1935
16,1777425361321,1777425360707,1777425362703,1777425362591,1777425363515,2194,2808,812,924,1996
17,1777425361321,1777425360707,1777425362703,1777425362591,1777425363595,2274,2888,892,1004,1996
18,1777425361321,1777425360707,1777425363137,1777425363226,1777425363676,2355,2969,539,450,2519
19,1777425361321,1777425360707,1777425363137,1777425363348,1777425363758,2437,3051,621,410,2641
20,1777425361321,1777425360707,1777425363205,1777425363423,1777425363839,2518,3132,634,416,2716
21,1777425361321,1777425363066,1777425363230,1777425363492,1777425363920,2599,854,690,428,2171
22,1777425361321,1777425363066,1777425363230,1777425363492,1777425364001,2680,935,771,509,2171
23,1777425361321,1777425363066,1777425363268,1777425363533,1777425364083,2762,1017,815,550,2212
24,1777425361321,1777425363066,1777425363268,1777425363687,1777425364164,2843,1098,896,477,2366
25,1777425361321,1777425363066,1777425363366,1777425363721,1777425364245,2924,1179,879,524,2400
26,1777425361321,1777425363066,1777425363366,1777425363791,1777425364326,3005,1260,960,535,2470
27,1777425361321,1777425363066,1777425363366,1777425363824,1777425364407,3086,1341,1041,583,2503
28,1777425361321,1777425363066,1777425363366,1777425363925,1777425364489,3168,1423,1123,564,2604
29,1777425361321,1777425363066,1777425363966,1777425363925,1777425364570,3249,1504,604,645,2645
30,1777425361321,1777425363066,1777425363966,1777425363925,1777425364651,3330,1585,685,726,2645
31,1777425361321,1777425363066,1777425364033,1777425364326,1777425364732,3411,1666,699,406,3005
32,1777425361321,1777425363066,1777425364101,1777425364393,1777425364812,3491,1746,711,419,3072
33,1777425361321,1777425363066,1777425364132,1777425364490,1777425364894,3573,1828,762,404,3169
34,1777425361321,1777425363066,1777425364168,1777425364524,1777425364975,3654,1909,807,451,3203
35,1777425361321,1777425363066,1777425364168,1777425364625,1777425365057,3736,1991,889,432,3304
36,1777425361321,1777425363066,1777425364168,1777425364726,1777425365138,3817,2072,970,412,3405
37,1777425361321,1777425363066,1777425364168,1777425364814,1777425365219,3898,2153,1051,405,3493
38,1777425361321,1777425363066,1777425364168,1777425364891,1777425365301,3980,2235,1133,410,3570
39,1777425361321,1777425363066,1777425364639,1777425364965,1777425365382,4061,2316,743,417,3644
40,1777425361321,1777425363066,1777425364735,1777425365059,1777425365463,4142,2397,728,404,3738
41,1777425361321,1777425363066,1777425364735,1777425365059,1777425365544,4223,2478,809,485,3738
42,1777425361321,1777425363066,1777425364735,1777425365080,1777425365624,4303,2558,889,544,3759
43,1777425361321,1777425363066,1777425365171,1777425365157,1777425365706,4385,2640,535,549,3850
44,1777425361321,1777425363066,1777425365202,1777425365157,1777425365787,4466,2721,585,630,3881
45,1777425361321,1777425363066,1777425365365,1777425365157,1777425365868,4547,2802,503,711,4044
46,1777425361321,1777425363066,1777425365441,1777425365157,1777425365949,4628,2883,508,792,4120
47,1777425361321,1777425363066,1777425365496,1777425365199,1777425366030,4709,2964,534,831,4175
48,1777425361321,1777425363066,1777425365532,1777425365199,1777425366112,4791,3046,580,913,4211
49,1777425361321,1777425363066,1777425365580,1777425365213,1777425366193,4872,3127,613,980,4259
50,1777425361321,1777425363066,1777425365728,1777425365256,1777425366274,4953,3208,546,1018,4407
51,1777425365602,1777425363066,1777425365797,1777425365281,1777425366355,753,3289,558,1074,2731
52,1777425365602,1777425363066,1777425365797,1777425365358,1777425366435,833,3369,638,1077,2731
53,1777425365602,1777425363066,1777425365797,1777425365358,1777425366515,913,3449,718,1157,2731
54,1777425365602,1777425363066,1777425365797,1777425365358,1777425366596,994,3530,799,1238,2731
55,1777425365602,1777425363066,1777425366069,1777425365358,1777425366676,1074,3610,607,1318,3003
56,1777425365602,1777425363066,1777425366192,1777425365358,1777425366758,1156,3692,566,1400,3126
57,1777425365602,1777425363066,1777425366434,1777425365525,1777425366839,1237,3773,405,1314,3368
58,1777425366204,1777425363066,1777425366434,1777425365553,1777425366921,717,3855,487,1368,3368
59,1777425366204,1777425363066,1777425366434,1777425365553,1777425367001,797,3935,567,1448,3368
60,1777425366517,1777425363066,1777425366434,1777425365553,1777425367082,565,4016,648,1529,3451
61,1777425366517,1777425363066,1777425366434,1777425365553,1777425367162,645,4096,728,1609,3451
62,1777425366534,1777425363066,1777425366508,1777425366424,1777425367244,710,4178,736,820,3468
63,1777425366534,1777425363066,1777425366563,1777425366424,1777425367325,791,4259,762,901,3497
64,1777425366534,1777425363066,1777425366697,1777425366424,1777425367406,872,4340,709,982,3631
65,1777425366534,1777425363066,1777425366697,1777425366624,1777425367486,952,4420,789,862,3631
66,1777425366534,1777425363066,1777425366697,1777425366890,1777425367567,1033,4501,870,677,3824
67,1777425366534,1777425363066,1777425366697,1777425366959,1777425367649,1115,4583,952,690,3893
68,1777425366534,1777425363066,1777425366697,1777425366959,1777425367730,1196,4664,1033,771,3893
69,1777425366534,1777425363066,1777425366697,1777425366959,1777425367810,1276,4744,1113,851,3893
70,1777425366534,1777425363066,1777425367408,1777425366959,1777425367891,1357,4825,483,932,4342
71,1777425366534,1777425363066,1777425367408,1777425366959,1777425367972,1438,4906,564,1013,4342
72,1777425366534,1777425363066,1777425367565,1777425366959,1777425368054,1520,4988,489,1095,4499
73,1777425366534,1777425363066,1777425367565,1777425366959,1777425368136,1602,5070,571,1177,4499
74,1777425366534,1777425363066,1777425367699,1777425366959,1777425368217,1683,5151,518,1258,4633
75,1777425366534,1777425363066,1777425367699,1777425366959,1777425368299,1765,5233,600,1340,4633
76,1777425366534,1777425363066,1777425367929,1777425366959,1777425368381,1847,5315,452,1422,4863
77,1777425366534,1777425363066,1777425367929,1777425366959,1777425368462,1928,5396,533,1503,4863
78,1777425366534,1777425363066,1777425367929,1777425366959,1777425368542,2008,5476,613,1583,4863
79,1777425366534,1777425363066,1777425368198,1777425366959,1777425368623,2089,5557,425,1664,5132
80,1777425366534,1777425363066,1777425368198,1777425366959,1777425368704,2170,5638,506,1745,5132
81,1777425366534,1777425363066,1777425368198,1777425366959,1777425368787,2253,5721,589,1828,5132
82,1777425366534,1777425363066,1777425368433,1777425366959,1777425368869,2335,5803,436,1910,5367
83,1777425366534,1777425363066,1777425368433,1777425366959,1777425368951,2417,5885,518,1992,5367
84,1777425366534,1777425363066,1777425368433,1777425366959,1777425369033,2499,5967,600,2074,5367
85,1777425366534,1777425363066,1777425368699,1777425366959,1777425369115,2581,6049,416,2156,5633
86,1777425366534,1777425363066,1777425368699,1777425366959,1777425369197,2663,6131,498,2238,5633
87,1777425366534,1777425363066,1777425368699,1777425366959,1777425369279,2745,6213,580,2320,5633
88,1777425366534,1777425363066,1777425368931,1777425366959,1777425369361,2827,6295,430,2402,5865
89,1777425366534,1777425363066,1777425368931,1777425366959,1777425369443,2909,6377,512,2484,5865
90,1777425366534,1777425363066,1777425368931,1777425366959,1777425369524,2990,6458,593,2565,5865
91,1777425366534,1777425363066,1777425369199,1777425366959,1777425369606,3072,6540,407,2647,6133
92,1777425366534,1777425363066,1777425369199,1777425366959,1777425369688,3154,6622,489,2729,6133
93,1777425366534,1777425363066,1777425369199,1777425366959,1777425369771,3237,6705,572,2812,6133
94,1777425369426,1777425368046,1777425369367,1777425366959,1777425369852,426,1806,485,2893,2467
95,1777425369426,1777425368046,1777425369438,1777425366959,1777425369933,507,1887,495,2974,2479
96,1777425369491,1777425368046,1777425369507,1777425366959,1777425370013,522,1967,506,3054,2548
97,1777425369524,1777425368046,1777425369568,1777425366959,1777425370095,571,2049,527,3136,2609
98,1777425369524,1777425368046,1777425369724,1777425366959,1777425370175,651,2129,451,3216,2765
99,1777425369524,1777425368046,1777425369799,1777425366959,1777425370255,731,2209,456,3296,2840
100,1777425369850,1777425368046,1777425369899,1777425366959,1777425370336,486,2290,437,3377,2940
101,1777425370001,1777425368046,1777425369965,1777425366959,1777425370417,416,2371,452,3458,3042
102,1777425370001,1777425368046,1777425370027,1777425366959,1777425370497,496,2451,470,3538,3068
103,1777425370139,1777425368046,1777425370138,1777425366959,1777425370576,437,2530,438,3617,3180
104,1777425370156,1777425368046,1777425370198,1777425366959,1777425370656,500,2610,458,3697,3239
105,1777425370251,1777425368046,1777425370266,1777425366959,1777425370735,484,2689,469,3776,3307
106,1777425370291,1777425368046,1777425370400,1777425366959,1777425370815,524,2769,415,3856,3441
107,1777425370369,1777425368046,1777425370432,1777425366959,1777425370895,526,2849,463,3936,3473
108,1777425370369,1777425368046,1777425370498,1777425366959,1777425370976,607,2930,478,4017,3539
109,1777425370523,1777425368046,1777425370594,1777425366959,1777425371057,534,3011,463,4098,3635
110,1777425370565,1777425368046,1777425370695,1777425366959,1777425371138,573,3092,443,4179,3736
111,1777425370565,1777425368046,1777425370733,1777425366959,1777425371218,653,3172,485,4259,3774
112,1777425370565,1777425368046,1777425370797,1777425366959,1777425371299,734,3253,502,4340,3838
113,1777425370565,1777425368046,1777425370929,1777425366959,1777425371379,814,3333,450,4420,3970
114,1777425370815,1777425368046,1777425371032,1777425366959,1777425371461,646,3415,429,4502,4073
115,1777425371028,1777425368046,1777425371032,1777425366959,1777425371542,514,3496,510,4583,4073
116,1777425371132,1777425368046,1777425371095,1777425366959,1777425371622,490,3576,527,4663,4173
117,1777425371157,1777425368046,1777425371196,1777425366959,1777425371703,546,3657,507,4744,4237
118,1777425371172,1777425368046,1777425371231,1777425366959,1777425371784,612,3738,553,4825,4272
119,1777425371272,1777425368046,1777425371291,1777425366959,1777425371865,593,3819,574,4906,4332
120,1777425371272,1777425368046,1777425371392,1777425366959,1777425371945,673,3899,553,4986,4433
121,1777425371294,1777425368046,1777425371461,1777425366959,1777425372026,732,3980,565,5067,4502
122,1777425371294,1777425368046,1777425371699,1777425366959,1777425372107,813,4061,408,5148,4740
123,1777425371294,1777425368046,1777425371699,1777425366959,1777425372188,894,4142,489,5229,4740
124,1777425371294,1777425368046,1777425371832,1777425366959,1777425372270,976,4224,438,5311,4873
125,1777425371294,1777425368046,1777425371932,1777425366959,1777425372352,1058,4306,420,5393,4973
126,1777425371294,1777425368046,1777425372000,1777425366959,1777425372433,1139,4387,433,5474,5041
127,1777425371294,1777425368046,1777425372099,1777425366959,1777425372515,1221,4469,416,5556,5140
128,1777425371294,1777425368046,1777425372195,1777425366959,1777425372596,1302,4550,401,5637,5236
129,1777425371294,1777425368046,1777425372267,1777425366959,1777425372678,1384,4632,411,5719,5308
130,1777425371294,1777425368046,1777425372329,1777425366959,1777425372760,1466,4714,431,5801,5370
131,1777425371294,1777425368046,1777425372432,1777425366959,1777425372842,1548,4796,410,5883,5473
132,1777425371294,1777425368046,1777425372497,1777425366959,1777425372923,1629,4877,426,5964,5538
133,1777425371294,1777425368046,1777425372594,1777425366959,1777425373005,1711,4959,411,6046,5635
134,1777425371294,1777425368046,1777425372666,1777425366959,1777425373087,1793,5041,421,6128,5707
135,1777425371294,1777425368046,1777425372732,1777425366959,1777425373169,1875,5123,437,6210,5773
136,1777425371294,1777425368046,1777425372835,1777425366959,1777425373251,1957,5205,416,6292,5876
137,1777425371294,1777425368046,1777425372932,1777425366959,1777425373333,2039,5287,401,6374,5973
138,1777425371294,1777425368046,1777425372998,1777425366959,1777425373415,2121,5369,417,6456,6039
139,1777425371294,1777425368046,1777425373066,1777425366959,1777425373496,2202,5450,430,6537,6107
140,1777425371294,1777425368046,1777425373127,1777425366959,1777425373578,2284,5532,451,6619,6168
141,1777425371294,1777425368046,1777425373260,1777425366959,1777425373660,2366,5614,400,6701,6301
142,1777425373331,1777425368046,1777425373304,1777425366959,1777425373741,410,5695,437,6782,6372
143,1777425373370,1777425368046,1777425373368,1777425366959,1777425373823,453,5777,455,6864,6411
144,1777425373410,1777425368046,1777425373399,1777425366959,1777425373904,494,5858,505,6945,6451
145,1777425373424,1777425368046,1777425373526,1777425366959,1777425373986,562,5940,460,7027,6567
146,1777425373438,1777425368046,1777425373593,1777425366959,1777425374067,629,6021,474,7108,6634
147,1777425373720,1777425368046,1777425373662,1777425366959,1777425374147,427,6101,485,7188,6761
148,1777425373720,1777425368046,1777425373662,1777425366959,1777425374227,507,6181,565,7268,6761
149,1777425373747,1777425368046,1777425373732,1777425366959,1777425374308,561,6262,576,7349,6788
150,1777425373772,1777425368046,1777425373827,1777425366959,1777425374388,616,6342,561,7429,6868
151,1777425373772,1777425368046,1777425373864,1777425366959,1777425374468,696,6422,604,7509,6905
152,1777425373772,1777425368046,1777425374092,1777425366959,1777425374549,777,6503,457,7590,7133
153,1777425373772,1777425368046,1777425374227,1777425366959,1777425374631,859,6585,404,7672,7268
154,1777425373811,1777425368046,1777425374297,1777425366959,1777425374712,901,6666,415,7753,7338
155,1777425374339,1777425368046,1777425374297,1777425366959,1777425374794,455,6748,497,7835,7380
156,1777425374377,1777425368046,1777425374362,1777425366959,1777425374875,498,6829,513,7916,7418
157,1777425374402,1777425368046,1777425374428,1777425366959,1777425374956,554,6910,528,7997,7469
158,1777425374416,1777425368046,1777425374535,1777425366959,1777425375037,621,6991,502,8078,7576
159,1777425374416,1777425368046,1777425374597,1777425366959,1777425375117,701,7071,520,8158,7638
160,1777425374416,1777425368046,1777425374597,1777425366959,1777425375199,783,7153,602,8240,7638
161,1777425374416,1777425368046,1777425374730,1777425366959,1777425375281,865,7235,551,8322,7771
162,1777425374416,1777425368046,1777425374892,1777425366959,1777425375362,946,7316,470,8403,7933
163,1777425374416,1777425368046,1777425374892,1777425366959,1777425375444,1028,7398,552,8485,7933
164,1777425374416,1777425368046,1777425374892,1777425366959,1777425375526,1110,7480,634,8567,7933
165,1777425374416,1777425368046,1777425374892,1777425366959,1777425375608,1192,7562,716,8649,7933
166,1777425374416,1777425368046,1777425374892,1777425366959,1777425375691,1275,7645,799,8732,7933
167,1777425374416,1777425368046,1777425374892,1777425366959,1777425375773,1357,7727,881,8814,7933
168,1777425374416,1777425368046,1777425374992,1777425366959,1777425375856,1440,7810,864,8897,8033
169,1777425374416,1777425368046,1777425374992,1777425366959,1777425375938,1522,7892,946,8979,8033
170,1777425374416,1777425368046,1777425374992,1777425366959,1777425376018,1602,7972,1026,9059,8033
171,1777425374416,1777425368046,1777425375462,1777425366959,1777425376100,1684,8054,638,9141,8503
172,1777425374416,1777425368046,1777425375521,1777425366959,1777425376182,1766,8136,661,9223,8562
173,1777425374416,1777425375548,1777425375630,1777425366959,1777425376263,1847,715,633,9304,8671
174,1777425374416,1777425375548,1777425375696,1777425366959,1777425376344,1928,796,648,9385,8737
175,1777425374416,1777425375548,1777425375696,1777425366959,1777425376426,2010,878,730,9467,8737
176,1777425374416,1777425375548,1777425375964,1777425366959,1777425376507,2091,959,543,9548,9005
177,1777425375923,1777425375548,1777425376031,1777425366959,1777425376588,665,1040,557,9629,9072
178,1777425375923,1777425375548,1777425376092,1777425366959,1777425376669,746,1121,577,9710,9133
179,1777425375923,1777425375548,1777425376200,1777425366959,1777425376751,828,1203,551,9792,9241
180,1777425375923,1777425375548,1777425376225,1777425366959,1777425376832,909,1284,607,9873,9266
181,1777425375923,1777425375548,1777425376299,1777425366959,1777425376913,990,1365,614,9954,9340
182,1777425375923,1777425375548,1777425376299,1777425366959,1777425376995,1072,1447,696,10036,9340
183,1777425375923,1777425375548,1777425376299,1777425366959,1777425377077,1154,1529,778,10118,9340
184,1777425375923,1777425375548,1777425376299,1777425366959,1777425377159,1236,1611,860,10200,9340
185,1777425375923,1777425375548,1777425376629,1777425366959,1777425377240,1317,1692,611,10281,9670
186,1777425375923,1777425375548,1777425376729,1777425366959,1777425377321,1398,1773,592,10362,9770
187,1777425375923,1777425375548,1777425376809,1777425366959,1777425377402,1479,1854,593,10443,9850
188,1777425375923,1777425375548,1777425376896,1777425366959,1777425377484,1561,1936,588,10525,9937
189,1777425375923,1777425375548,1777425376926,1777425366959,1777425377566,1643,2018,640,10607,9967
190,1777425375923,1777425375548,1777425377127,1777425366959,1777425377648,1725,2100,521,10689,10168
191,1777425375923,1777425375548,1777425377166,1777425366959,1777425377729,1806,2181,563,10770,10207
192,1777425375923,1777425375548,1777425377191,1777425366959,1777425377811,1888,2263,620,10852,10232
193,1777425375923,1777425375548,1777425377399,1777425366959,1777425377893,1970,2345,494,10934,10440
194,1777425375923,1777425375548,1777425377427,1777425366959,1777425377974,2051,2426,547,11015,10468
195,1777425375923,1777425375548,1777425377463,1777425366959,1777425378055,2132,2507,592,11096,10504
196,1777425375923,1777425375548,1777425377463,1777425366959,1777425378136,2213,2588,673,11177,10504
197,1777425375923,1777425375548,1777425377554,1777425366959,1777425378218,2295,2670,664,11259,10595
198,1777425375923,1777425375548,1777425377596,1777425366959,1777425378299,2376,2751,703,11340,10637
199,1777425375923,1777425375548,1777425377668,1777425366959,1777425378380,2457,2832,712,11421,10709
200,1777425375923,1777425375548,1777425377668,1777425366959,1777425378462,2539,2914,794,11503,10709
201,1777425375923,1777425375548,1777425377668,1777425366959,1777425378542,2619,2994,874,11583,10709
202,1777425375923,1777425375548,1777425378061,1777425366959,1777425378624,2701,3076,563,11665,11102
203,1777425375923,1777425375548,1777425378128,1777425366959,1777425378706,2783,3158,578,11747,11169
204,1777425375923,1777425375548,1777425378224,1777425366959,1777425378788,2865,3240,564,11829,11265
205,1777425375923,1777425375548,1777425378309,1777425366959,1777425378869,2946,3321,560,11910,11350
206,1777425375923,1777425375548,1777425378430,1777425366959,1777425378949,3026,3401,519,11990,11471
207,1777425375923,1777425375548,1777425378430,1777425366959,1777425379031,3108,3483,601,12072,11471
208,1777425375923,1777425375548,1777425378642,1777425366959,1777425379114,3191,3566,472,12155,11683
209,1777425378693,1777425375548,1777425378698,1777425366959,1777425379196,503,3648,498,12237,11739
210,1777425378693,1777425375548,1777425378765,1777425366959,1777425379276,583,3728,511,12317,11806
211,1777425378717,1777425375548,1777425378862,1777425366959,1777425379358,641,3810,496,12399,11903
212,1777425378717,1777425375548,1777425378889,1777425366959,1777425379439,722,3891,550,12480,11930
213,1777425378717,1777425375548,1777425379058,1777425366959,1777425379521,804,3973,463,12562,12099
214,1777425378717,1777425375548,1777425379058,1777425366959,1777425379602,885,4054,544,12643,12099
215,1777425378717,1777425375548,1777425379157,1777425366959,1777425379684,967,4136,527,12725,12198
216,1777425378717,1777425375548,1777425379190,1777425366959,1777425379765,1048,4217,575,12806,12231
217,1777425378717,1777425375548,1777425379368,1777425366959,1777425379846,1129,4298,478,12887,12409
218,1777425378717,1777425375548,1777425379368,1777425366959,1777425379927,1210,4379,559,12968,12409
219,1777425378717,1777425375548,1777425379427,1777425366959,1777425380008,1291,4460,581,13049,12468
220,1777425378717,1777425375548,1777425379568,1777425366959,1777425380090,1373,4542,522,13131,12609
221,1777425378717,1777425375548,1777425379755,1777425366959,1777425380171,1454,4623,416,13212,12796
222,1777425378717,1777425375548,1777425379795,1777425366959,1777425380253,1536,4705,458,13294,12836
223,1777425379860,1777425375548,1777425379861,1777425366959,1777425380334,474,4786,473,13375,12902
224,1777425379883,1777425375548,1777425379960,1777425366959,1777425380414,531,4866,454,13455,13001
225,1777425379897,1777425375548,1777425380091,1777425366959,1777425380495,598,4947,404,13536,13132
226,1777425379897,1777425375548,1777425380159,1777425366959,1777425380576,679,5028,417,13617,13200
227,1777425379897,1777425375548,1777425380232,1777425366959,1777425380658,761,5110,426,13699,13273
228,1777425379897,1777425375548,1777425380293,1777425366959,1777425380740,843,5192,447,13781,13334
229,1777425379897,1777425375548,1777425380346,1777425366959,1777425380821,924,5273,475,13862,13387
230,1777425379897,1777425375548,1777425380491,1777425366959,1777425380902,1005,5354,411,13943,13532
231,1777425379897,1777425375548,1777425380562,1777425366959,1777425380985,1088,5437,423,14026,13603
232,1777425379909,1777425375548,1777425380657,1777425366959,1777425381066,1157,5518,409,14107,13698
233,1777425380714,1777425375548,1777425380724,1777425366959,1777425381147,433,5599,423,14188,13765
234,1777425380750,1777425375548,1777425380793,1777425366959,1777425381226,476,5678,433,14267,13834
235,1777425380775,1777425375548,1777425380871,1777425366959,1777425381306,531,5758,435,14347,13912
236,1777425380775,1777425380943,1777425380924,1777425366959,1777425381387,612,444,463,14428,13984
237,1777425380987,1777425380983,1777425380960,1777425366959,1777425381468,481,485,508,14509,14028
238,1777425380987,1777425380983,1777425381104,1777425366959,1777425381547,560,564,443,14588,14145
239,1777425381071,1777425381067,1777425381192,1777425366959,1777425381627,556,560,435,14668,14233
240,1777425381071,1777425381067,1777425381192,1777425366959,1777425381706,635,639,514,14747,14233
241,1777425381071,1777425381067,1777425381293,1777425366959,1777425381787,716,720,494,14828,14334
242,1777425381071,1777425381067,1777425381425,1777425366959,1777425381867,796,800,442,14908,14466
243,1777425381071,1777425381067,1777425381494,1777425366959,1777425381947,876,880,453,14988,14535
244,1777425381071,1777425381067,1777425381494,1777425366959,1777425382027,956,960,533,15068,14535
245,1777425381071,1777425381067,1777425381556,1777425366959,1777425382109,1038,1042,553,15150,14597
246,1777425381071,1777425381067,1777425381692,1777425366959,1777425382190,1119,1123,498,15231,14733
247,1777425381071,1777425381067,1777425381794,1777425366959,1777425382271,1200,1204,477,15312,14835
248,1777425381071,1777425381067,1777425381892,1777425366959,1777425382353,1282,1286,461,15394,14933
249,1777425381830,1777425381067,1777425381959,1777425366959,1777425382433,603,1366,474,15474,15000
250,1777425381898,1777425381067,1777425382032,1777425366959,1777425382514,616,1447,482,15555,15073
251,1777425381898,1777425381067,1777425382095,1777425366959,1777425382595,697,1528,500,15636,15136
252,1777425381898,1777425381067,1777425382158,1777425366959,1777425382676,778,1609,518,15717,15199
253,1777425381898,1777425382242,1777425382328,1777425366959,1777425382757,859,515,429,15798,15369
254,1777425381898,1777425382265,1777425382426,1777425366959,1777425382837,939,572,411,15878,15467
255,1777425381898,1777425382265,1777425382458,1777425366959,1777425382917,1019,652,459,15958,15499
256,1777425381898,1777425382265,1777425382524,1777425366959,1777425382997,1099,732,473,16038,15565
257,1777425381898,1777425382265,1777425382627,1777425366959,1777425383078,1180,813,451,16119,15668
258,1777425381898,1777425382265,1777425382692,1777425366959,1777425383158,1260,893,466,16199,15733
259,1777425381898,1777425382265,1777425382794,1777425366959,1777425383239,1341,974,445,16280,15835
260,1777425381898,1777425382265,1777425382894,1777425366959,1777425383320,1422,1055,426,16361,15935
261,1777425381898,1777425382436,1777425382994,1777425366959,1777425383402,1504,966,408,16443,16035
262,1777425381898,1777425382436,1777425382994,1777425366959,1777425383484,1586,1048,490,16525,16035
263,1777425381898,1777425383042,1777425382994,1777425366959,1777425383565,1667,523,571,16606,16083
264,1777425381898,1777425383065,1777425382994,1777425366959,1777425383648,1750,583,654,16689,16106
265,1777425381898,1777425383076,1777425383060,1777425366959,1777425383729,1831,653,669,16770,16117
266,1777425381898,1777425383076,1777425383060,1777425366959,1777425383809,1911,733,749,16850,16117
267,1777425381898,1777425383076,1777425383289,1777425366959,1777425383890,1992,814,601,16931,16330
268,1777425381898,1777425383076,1777425383356,1777425366959,1777425383971,2073,895,615,17012,16397
269,1777425381898,1777425383076,1777425383528,1777425366959,1777425384052,2154,976,524,17093,16569
270,1777425381898,1777425383076,1777425383593,1777425366959,1777425384133,2235,1057,540,17174,16634
271,1777425381898,1777425383076,1777425383666,1777425366959,1777425384214,2316,1138,548,17255,16707
272,1777425381898,1777425383076,1777425383826,1777425366959,1777425384296,2398,1220,470,17337,16867
273,1777425381898,1777425383076,1777425383927,1777425366959,1777425384376,2478,1300,449,17417,16968
274,1777425381898,1777425383076,1777425383956,1777425366959,1777425384457,2559,1381,501,17498,16997
275,1777425381898,1777425383076,1777425384060,1777425366959,1777425384538,2640,1462,478,17579,17101
276,1777425381898,1777425383076,1777425384158,1777425366959,1777425384619,2721,1543,461,17660,17199
277,1777425381898,1777425383076,1777425384194,1777425366959,1777425384700,2802,1624,506,17741,17235
278,1777425381898,1777425384221,1777425384327,1777425366959,1777425384782,2884,561,455,17823,17368
279,1777425384364,1777425384357,1777425384362,1777425366959,1777425384862,498,505,500,17903,17405
280,1777425384364,1777425384513,1777425384486,1777425366959,1777425384943,579,430,457,17984,17554
281,1777425384364,1777425384513,1777425384556,1777425366959,1777425385022,658,509,466,18063,17597
282,1777425384540,1777425384528,1777425384589,1777425366959,1777425385103,563,575,514,18144,17630
283,1777425384566,1777425384528,1777425384754,1777425366959,1777425385185,619,657,431,18226,17795
284,1777425384566,1777425384528,1777425384820,1777425366959,1777425385266,700,738,446,18307,17861
285,1777425384566,1777425384528,1777425384889,1777425366959,1777425385347,781,819,458,18388,17930
286,1777425384566,1777425384780,1777425384926,1777425366959,1777425385428,862,648,502,18469,17967
287,1777425384566,1777425384780,1777425385059,1777425366959,1777425385509,943,729,450,18550,18100
288,1777425384566,1777425384780,1777425385059,1777425366959,1777425385590,1024,810,531,18631,18100
289,1777425384566,1777425384780,1777425385193,1777425366959,1777425385672,1106,892,479,18713,18234
290,1777425384566,1777425384780,1777425385293,1777425366959,1777425385753,1187,973,460,18794,18334
291,1777425384566,1777425384780,1777425385326,1777425366959,1777425385834,1268,1054,508,18875,18367
292,1777425384566,1777425384780,1777425385358,1777425366959,1777425385916,1350,1136,558,18957,18399
293,1777425384566,1777425384780,1777425385594,1777425366959,1777425385998,1432,1218,404,19039,18635
294,1777425384566,1777425384780,1777425385654,1777425366959,1777425386079,1513,1299,425,19120,18695
295,1777425385714,1777425385733,1777425385688,1777425366959,1777425386160,446,427,472,19201,18774
296,1777425385714,1777425385745,1777425385760,1777425366959,1777425386239,525,494,479,19280,18801
297,1777425385779,1777425385769,1777425385826,1777425366959,1777425386319,540,550,493,19360,18867
298,1777425385850,1777425385769,1777425385890,1777425366959,1777425386398,548,629,508,19439,18931
299,1777425385850,1777425385769,1777425386027,1777425366959,1777425386478,628,709,451,19519,19068
300,1777425385850,1777425385769,1777425386087,1777425366959,1777425386558,708,789,471,19599,19128
301,1777425385850,1777425385769,1777425386189,1777425366959,1777425386638,788,869,449,19679,19230
302,1777425385850,1777425385769,1777425386221,1777425366959,1777425386719,869,950,498,19760,19262
303,1777425385850,1777425385769,1777425386221,1777425366959,1777425386800,950,1031,579,19841,19262
304,1777425385850,1777425386171,1777425386260,1777425366959,1777425386881,1031,710,621,19922,19301
305,1777425385850,1777425386171,1777425386260,1777425366959,1777425386962,1112,791,702,20003,19301
306,1777425385850,1777425386171,1777425386260,1777425366959,1777425387043,1193,872,783,20084,19301
307,1777425385850,1777425386171,1777425386331,1777425366959,1777425387125,1275,954,794,20166,19372
308,1777425385850,1777425386171,1777425386331,1777425366959,1777425387208,1358,1037,877,20249,19372
309,1777425385850,1777425386171,1777425386331,1777425366959,1777425387290,1440,1119,959,20331,19372
310,1777425385850,1777425386171,1777425386331,1777425366959,1777425387372,1522,1201,1041,20413,19372
311,1777425385850,1777425386171,1777425386331,1777425366959,1777425387454,1604,1283,1123,20495,19372
312,1777425385850,1777425386171,1777425386331,1777425366959,1777425387536,1686,1365,1205,20577,19372
313,1777425385850,1777425386171,1777425387058,1777425366959,1777425387618,1768,1447,560,20659,20099
314,1777425385850,1777425386171,1777425387058,1777425366959,1777425387699,1849,1528,641,20740,20099
315,1777425385850,1777425386171,1777425387093,1777425366959,1777425387782,1932,1611,689,20823,20134
316,1777425385850,1777425386171,1777425387321,1777425366959,1777425387863,2013,1692,542,20904,20362
317,1777425385850,1777425386171,1777425387389,1777425366959,1777425387944,2094,1773,555,20985,20430
318,1777425385850,1777425386171,1777425387424,1777425366959,1777425388025,2175,1854,601,21066,20465
319,1777425385850,1777425386171,1777425387556,1777425366959,1777425388110,2260,1939,554,21151,20597
320,1777425385850,1777425386171,1777425387556,1777425366959,1777425388191,2341,2020,635,21232,20597
321,1777425385850,1777425386171,1777425387692,1777425366959,1777425388272,2422,2101,580,21313,20733
322,1777425385850,1777425386171,1777425387721,1777425366959,1777425388355,2505,2184,634,21396,20762
323,1777425385850,1777425386171,1777425387758,1777425366959,1777425388437,2587,2266,679,21478,20799
324,1777425385850,1777425386171,1777425387987,1777425366959,1777425388518,2668,2347,531,21559,21028
325,1777425385850,1777425386171,1777425387987,1777425366959,1777425388600,2750,2429,613,21641,21028
326,1777425385850,1777425386171,1777425388054,1777425366959,1777425388681,2831,2510,627,21722,21095
327,1777425388175,1777425386171,1777425388227,1777425366959,1777425388764,589,2593,537,21805,21268
328,1777425388197,1777425388186,1777425388324,1777425366959,1777425388845,648,659,521,21886,21365
329,1777425388197,1777425388186,1777425388398,1777425366959,1777425388925,728,739,527,21966,21439
330,1777425388197,1777425388186,1777425388398,1777425366959,1777425389005,808,819,607,22046,21439
331,1777425388197,1777425388186,1777425388526,1777425366959,1777425389087,890,901,561,22128,21567
332,1777425388197,1777425388186,1777425388617,1777425366959,1777425389169,972,983,552,22210,21658
333,1777425388197,1777425388186,1777425388617,1777425366959,1777425389250,1053,1064,633,22291,21658
334,1777425388197,1777425388186,1777425388617,1777425366959,1777425389332,1135,1146,715,22373,21658
335,1777425388197,1777425388186,1777425388825,1777425366959,1777425389414,1217,1228,589,22455,21866
336,1777425388197,1777425388186,1777425388886,1777425366959,1777425389496,1299,1310,610,22537,21927
337,1777425388197,1777425388186,1777425388916,1777425366959,1777425389578,1381,1392,662,22619,21957
338,1777425388197,1777425388186,1777425388916,1777425366959,1777425389660,1463,1474,744,22701,21957
339,1777425389063,1777425388186,1777425389191,1777425366959,1777425389740,677,1554,549,22781,22232
340,1777425389063,1777425388186,1777425389289,1777425366959,1777425389821,758,1635,532,22862,22330
341,1777425389063,1777425388186,1777425389357,1777425366959,1777425389902,839,1716,545,22943,22398
342,1777425389063,1777425388186,1777425389521,1777425366959,1777425389983,920,1797,462,23024,22562
343,1777425389063,1777425388186,1777425389592,1777425366959,1777425390065,1002,1879,473,23106,22633
344,1777425389063,1777425388186,1777425389592,1777425366959,1777425390146,1083,1960,554,23187,22633
345,1777425389063,1777425388186,1777425389654,1777425366959,1777425390228,1165,2042,574,23269,22695
346,1777425389063,1777425388186,1777425389654,1777425366959,1777425390309,1246,2123,655,23350,22695
347,1777425389063,1777425388186,1777425389820,1777425366959,1777425390390,1327,2204,570,23431,22861
348,1777425389063,1777425388186,1777425389887,1777425366959,1777425390472,1409,2286,585,23513,22928
349,1777425389063,1777425388186,1777425390025,1777425366959,1777425390554,1491,2368,529,23595,23066
350,1777425389995,1777425388186,1777425390085,1777425366959,1777425390635,640,2449,550,23676,23126
351,1777425389995,1777425388186,1777425390085,1777425366959,1777425390715,720,2529,630,23756,23126
352,1777425389995,1777425388186,1777425390287,1777425366959,1777425390796,801,2610,509,23837,23328
353,1777425389995,1777425388186,1777425390390,1777425366959,1777425390877,882,2691,487,23918,23431
354,1777425389995,1777425388186,1777425390456,1777425366959,1777425390958,963,2772,502,23999,23497
355,1777425389995,1777425388186,1777425390456,1777425366959,1777425391039,1044,2853,583,24080,23497
356,1777425389995,1777425388186,1777425390530,1777425366959,1777425391121,1126,2935,591,24162,23571
357,1777425389995,1777425388186,1777425390790,1777425366959,1777425391202,1207,3016,412,24243,23831
358,1777425390878,1777425388186,1777425390820,1777425366959,1777425391283,405,3097,463,24324,23919
359,1777425390900,1777425388186,1777425390856,1777425366959,1777425391364,464,3178,508,24405,23941
360,1777425390984,1777425388186,1777425390924,1777425366959,1777425391444,460,3258,520,24485,24025
361,1777425391114,1777425388186,1777425391064,1777425366959,1777425391525,411,3339,461,24566,24155
362,1777425391133,1777425388186,1777425391151,1777425366959,1777425391606,473,3420,455,24647,24192
363,1777425391146,1777425388186,1777425391191,1777425366959,1777425391688,542,3502,497,24729,24232
364,1777425391204,1777425388186,1777425391295,1777425366959,1777425391768,564,3582,473,24809,24336
365,1777425391226,1777425388186,1777425391423,1777425366959,1777425391849,623,3663,426,24890,24464
366,1777425391226,1777425388186,1777425391453,1777425366959,1777425391930,704,3744,477,24971,24494
367,1777425391226,1777425388186,1777425391483,1777425366959,1777425392011,785,3825,528,25052,24524
368,1777425391226,1777425388186,1777425391584,1777425366959,1777425392092,866,3906,508,25133,24625
369,1777425391226,1777425388186,1777425391584,1777425366959,1777425392173,947,3987,589,25214,24625
370,1777425391226,1777425388186,1777425391659,1777425366959,1777425392255,1029,4069,596,25296,24700
371,1777425391694,1777425388186,1777425391715,1777425366959,1777425392336,642,4150,621,25377,24756
372,1777425391717,1777425388186,1777425391885,1777425366959,1777425392418,701,4232,533,25459,24926
373,1777425391717,1777425388186,1777425391923,1777425366959,1777425392499,782,4313,576,25540,24964
374,1777425391717,1777425388186,1777425391923,1777425366959,1777425392581,864,4395,658,25622,24964
375,1777425391717,1777425388186,1777425392085,1777425366959,1777425392662,945,4476,577,25703,25126
376,1777425391717,1777425388186,1777425392321,1777425366959,1777425392744,1027,4558,423,25785,25362
377,1777425391717,1777425388186,1777425392321,1777425366959,1777425392825,1108,4639,504,25866,25362
378,1777425392413,1777425388186,1777425392388,1777425366959,1777425392906,493,4720,518,25947,25454
379,1777425392437,1777425388186,1777425392454,1777425366959,1777425392987,550,4801,533,26028,25495
380,1777425392449,1777425388186,1777425392522,1777425366959,1777425393068,619,4882,546,26109,25563
381,1777425392461,1777425388186,1777425392589,1777425366959,1777425393149,688,4963,560,26190,25630
382,1777425392461,1777425388186,1777425392655,1777425366959,1777425393230,769,5044,575,26271,25696
383,1777425392461,1777425388186,1777425392825,1777425366959,1777425393310,849,5124,485,26351,25866
384,1777425392461,1777425388186,1777425392888,1777425366959,1777425393391,930,5205,503,26432,25929
385,1777425392461,1777425388186,1777425392952,1777425366959,1777425393473,1012,5287,521,26514,25993
386,1777425392461,1777425392981,1777425392986,1777425366959,1777425393554,1093,573,568,26595,26027
387,1777425393012,1777425392981,1777425393134,1777425366959,1777425393635,623,654,501,26676,26175
388,1777425393012,1777425393006,1777425393188,1777425366959,1777425393715,703,709,527,26756,26229
389,1777425393029,1777425393006,1777425393221,1777425366959,1777425393795,766,789,574,26836,26262
390,1777425393302,1777425393006,1777425393355,1777425366959,1777425393875,573,869,520,26916,26396
391,1777425393302,1777425393006,1777425393487,1777425366959,1777425393955,653,949,468,26996,26528
392,1777425393302,1777425393006,1777425393554,1777425366959,1777425394035,733,1029,481,27076,26595
393,1777425393302,1777425393006,1777425393585,1777425366959,1777425394116,814,1110,531,27157,26626
394,1777425393302,1777425393006,1777425393628,1777425366959,1777425394197,895,1191,569,27238,26669
395,1777425393302,1777425393006,1777425393702,1777425366959,1777425394279,977,1273,577,27320,26743
396,1777425393302,1777425393006,1777425393753,1777425366959,1777425394360,1058,1354,607,27401,26794
397,1777425393302,1777425393006,1777425393855,1777425366959,1777425394441,1139,1435,586,27482,26896
398,1777425393302,1777425393006,1777425393885,1777425366959,1777425394523,1221,1517,638,27564,26926
399,1777425393302,1777425393006,1777425393988,1777425366959,1777425394604,1302,1598,616,27645,27029
400,1777425393302,1777425393006,1777425394284,1777425366959,1777425394686,1384,1680,402,27727,27325
401,1777425393302,1777425393006,1777425394361,1777425366959,1777425394767,1465,1761,406,27808,27402
402,1777425393302,1777425393006,1777425394429,1777425366959,1777425394849,1547,1843,420,27890,27470
403,1777425393302,1777425393006,1777425394519,1777425366959,1777425394930,1628,1924,411,27971,27560
404,1777425393302,1777425393006,1777425394555,1777425366959,1777425395012,1710,2006,457,28053,27596
405,1777425393302,1777425394679,1777425394616,1777425366959,1777425395094,1792,415,478,28135,27720
406,1777425393302,1777425394702,1777425394653,1777425366959,1777425395174,1872,472,521,28215,27743
407,1777425393302,1777425394714,1777425394720,1777425366959,1777425395254,1952,540,534,28295,27761
408,1777425393302,1777425394736,1777425394790,1777425366959,1777425395334,2032,598,544,28375,27831
409,1777425393302,1777425394736,1777425394889,1777425366959,1777425395415,2113,679,526,28456,27930
410,1777425393302,1777425394736,1777425394952,1777425366959,1777425395496,2194,760,544,28537,27993
411,1777425393302,1777425394736,1777425394952,1777425366959,1777425395579,2277,843,627,28620,27993
412,1777425393977,1777425394736,1777425395177,1777425366959,1777425395660,1683,924,483,28701,28218
413,1777425393977,1777425394736,1777425395177,1777425366959,1777425395741,1764,1005,564,28782,28218
414,1777425393977,1777425394977,1777425395256,1777425366959,1777425395822,1845,845,566,28863,28297
415,1777425393977,1777425394990,1777425395354,1777425366959,1777425395903,1926,913,549,28944,28395
416,1777425393977,1777425395081,1777425395452,1777425366959,1777425395984,2007,903,532,29025,28493
417,1777425393977,1777425395104,1777425395550,1777425366959,1777425396065,2088,961,515,29106,28591
418,1777425393977,1777425395104,1777425395622,1777425366959,1777425396145,2168,1041,523,29186,28663
419,1777425393977,1777425395149,1777425395818,1777425366959,1777425396225,2248,1076,407,29266,28859
420,1777425393977,1777425395149,1777425395855,1777425366959,1777425396305,2328,1156,450,29346,28896
421,1777425395927,1777425395931,1777425395917,1777425366959,1777425396386,459,455,469,29427,28972
422,1777425395951,1777425395931,1777425395956,1777425366959,1777425396468,517,537,512,29509,28997
423,1777425395951,1777425395957,1777425395956,1777425366959,1777425396548,597,591,592,29589,28998
424,1777425396043,1777425396049,1777425396185,1777425366959,1777425396630,587,581,445,29671,29226
425,1777425396043,1777425396049,1777425396185,1777425366959,1777425396709,666,660,524,29750,29226
426,1777425396043,1777425396049,1777425396221,1777425366959,1777425396790,747,741,569,29831,29262
427,1777425396043,1777425396049,1777425396286,1777425366959,1777425396872,829,823,586,29913,29327
428,1777425396043,1777425396049,1777425396451,1777425366959,1777425396953,910,904,502,29994,29492
429,1777425396043,1777425396049,1777425396451,1777425366959,1777425397035,992,986,584,30076,29492
430,1777425396043,1777425396049,1777425396520,1777425366959,1777425397116,1073,1067,596,30157,29561
431,1777425396466,1777425396049,1777425396651,1777425366959,1777425397198,732,1149,547,30239,29692
432,1777425396466,1777425396049,1777425396688,1777425366959,1777425397278,812,1229,590,30319,29729
433,1777425396466,1777425396049,1777425396754,1777425366959,1777425397359,893,1310,605,30400,29795
434,1777425396466,1777425396049,1777425396819,1777425366959,1777425397441,975,1392,622,30482,29860
435,1777425396466,1777425396049,1777425396918,1777425366959,1777425397522,1056,1473,604,30563,29959
436,1777425396466,1777425396049,1777425396986,1777425366959,1777425397603,1137,1554,617,30644,30027
437,1777425396466,1777425396049,1777425397014,1777425366959,1777425397685,1219,1636,671,30726,30055
438,1777425396466,1777425396049,1777425397014,1777425366959,1777425397766,1300,1717,752,30807,30055
439,1777425396466,1777425396049,1777425397014,1777425366959,1777425397848,1382,1799,834,30889,30055
440,1777425396466,1777425396049,1777425397014,1777425366959,1777425397929,1463,1880,915,30970,30055
441,1777425396466,1777425396049,1777425397485,1777425366959,1777425398011,1545,1962,526,31052,30526
442,1777425396466,1777425396049,1777425397485,1777425366959,1777425398092,1626,2043,607,31133,30526
443,1777425396466,1777425396049,1777425397485,1777425366959,1777425398173,1707,2124,688,31214,30526
444,1777425396466,1777425396049,1777425397485,1777425366959,1777425398254,1788,2205,769,31295,30526
445,1777425396466,1777425396049,1777425397782,1777425366959,1777425398336,1870,2287,554,31377,30823
446,1777425396466,1777425396049,1777425397915,1777425366959,1777425398417,1951,2368,502,31458,30956
447,1777425396466,1777425396049,1777425397951,1777425366959,1777425398498,2032,2449,547,31539,30992
448,1777425396466,1777425396049,1777425398051,1777425366959,1777425398580,2114,2531,529,31621,31092
449,1777425396466,1777425397998,1777425398081,1777425366959,1777425398662,2196,664,581,31703,31122
450,1777425396466,1777425397998,1777425398318,1777425366959,1777425398743,2277,745,425,31784,31359
451,1777425396466,1777425397998,1777425398318,1777425366959,1777425398823,2357,825,505,31864,31359
452,1777425396466,1777425397998,1777425398348,1777425366959,1777425398904,2438,906,556,31945,31389
453,1777425396466,1777425397998,1777425398482,1777425366959,1777425398985,2519,987,503,32026,31523
454,1777425396466,1777425397998,1777425398552,1777425366959,1777425399066,2600,1068,514,32107,31593
455,1777425396466,1777425397998,1777425398552,1777425366959,1777425399148,2682,1150,596,32189,31593
456,1777425396466,1777425397998,1777425398652,1777425366959,1777425399231,2765,1233,579,32272,31693
457,1777425396466,1777425397998,1777425398720,1777425366959,1777425399313,2847,1315,593,32354,31761
458,1777425396466,1777425397998,1777425398782,1777425366959,1777425399395,2929,1397,613,32436,31823
459,1777425396466,1777425397998,1777425398886,1777425366959,1777425399477,3011,1479,591,32518,31927
460,1777425396466,1777425397998,1777425398886,1777425366959,1777425399558,3092,1560,672,32599,31927
461,1777425396466,1777425397998,1777425398986,1777425366959,1777425399639,3173,1641,653,32680,32027
462,1777425396466,1777425397998,1777425398986,1777425366959,1777425399721,3255,1723,735,32762,32027
463,1777425396466,1777425397998,1777425399248,1777425366959,1777425399803,3337,1805,555,32844,32289
464,1777425396466,1777425397998,1777425399317,1777425366959,1777425399884,3418,1886,567,32925,32358
465,1777425396466,1777425397998,1777425399317,1777425366959,1777425399966,3500,1968,649,33007,32358
466,1777425396466,1777425397998,1777425399317,1777425366959,1777425400048,3582,2050,731,33089,32358
467,1777425399551,1777425397998,1777425399554,1777425366959,1777425400129,578,2131,575,33170,32595
468,1777425399551,1777425399186,1777425399616,1777425366959,1777425400211,660,1025,595,33252,32657
469,1777425399551,1777425399186,1777425399716,1777425366959,1777425400292,741,1106,576,33333,32757
470,1777425399551,1777425399758,1777425399716,1777425366959,1777425400374,823,616,658,33415,32799
471,1777425399551,1777425399758,1777425399950,1777425366959,1777425400454,903,696,504,33495,32991
472,1777425399551,1777425399758,1777425399982,1777425366959,1777425400535,984,777,553,33576,33023
473,1777425399551,1777425399758,1777425400019,1777425366959,1777425400617,1066,859,598,33658,33060
474,1777425399551,1777425399758,1777425400019,1777425366959,1777425400698,1147,940,679,33739,33060
475,1777425400143,1777425399758,1777425400285,1777425366959,1777425400780,637,1022,495,33821,33326
476,1777425400143,1777425399758,1777425400348,1777425366959,1777425400861,718,1103,513,33902,33389
477,1777425400143,1777425399758,1777425400418,1777425366959,1777425400943,800,1185,525,33984,33459
478,1777425400143,1777425399758,1777425400450,1777425366959,1777425401024,881,1266,574,34065,33491
479,1777425400143,1777425399758,1777425400551,1777425366959,1777425401105,962,1347,554,34146,33592
480,1777425400143,1777425399758,1777425400619,1777425366959,1777425401186,1043,1428,567,34227,33660
481,1777425400143,1777425399758,1777425400650,1777425366959,1777425401268,1125,1510,618,34309,33691
482,1777425400143,1777425399758,1777425400650,1777425366959,1777425401349,1206,1591,699,34390,33691
483,1777425400143,1777425399758,1777425400879,1777425366959,1777425401431,1288,1673,552,34472,33920
484,1777425400143,1777425399758,1777425400879,1777425366959,1777425401513,1370,1755,634,34554,33920
485,1777425400143,1777425399758,1777425400984,1777425366959,1777425401595,1452,1837,611,34636,34025
486,1777425401012,1777425400993,1777425401048,1777425366959,1777425401676,664,683,628,34717,34089
487,1777425401012,1777425400993,1777425401190,1777425366959,1777425401758,746,765,568,34799,34231
488,1777425401012,1777425400993,1777425401190,1777425366959,1777425401839,827,846,649,34880,34231
489,1777425401012,1777425400993,1777425401190,1777425366959,1777425401920,908,927,730,34961,34231
490,1777425401012,1777425400993,1777425401386,1777425366959,1777425402002,990,1009,616,35043,34427
491,1777425401012,1777425400993,1777425401483,1777425366959,1777425402083,1071,1090,600,35124,34524
492,1777425401012,1777425400993,1777425401520,1777425366959,1777425402165,1153,1172,645,35206,34561
493,1777425401414,1777425400993,1777425401520,1777425366959,1777425402246,832,1253,726,35287,34561
494,1777425401414,1777425401184,1777425401520,1777425366959,1777425402327,913,1143,807,35368,34561
495,1777425401414,1777425401184,1777425401882,1777425366959,1777425402408,994,1224,526,35449,34923
496,1777425401414,1777425401184,1777425401882,1777425366959,1777425402489,1075,1305,607,35530,34923
497,1777425401414,1777425401184,1777425401979,1777425366959,1777425402570,1156,1386,591,35611,35020
498,1777425401414,1777425401184,1777425402079,1777425366959,1777425402652,1238,1468,573,35693,35120
499,1777425401414,1777425401184,1777425402079,1777425366959,1777425402732,1318,1548,653,35773,35120
500,1777425401414,1777425401184,1777425402315,1777425366959,1777425402814,1400,1630,499,35855,35356
501,1777425401414,1777425401184,1777425402455,1777425366959,1777425402895,1481,1711,440,35936,35496
502,1777425401414,1777425401184,1777425402476,1777425366959,1777425402976,1562,1792,500,36017,35517
503,1777425401414,1777425401184,1777425402547,1777425366959,1777425403058,1644,1874,511,36099,35588
504,1777425401414,1777425402485,1777425402614,1777425366959,1777425403140,1726,655,526,36181,35655
505,1777425401414,1777425402485,1777425402750,1777425366959,1777425403222,1808,737,472,36263,35791
506,1777425401414,1777425402485,1777425402812,1777425366959,1777425403305,1891,820,493,36346,35853
507,1777425402782,1777425402485,1777425402914,1777425366959,1777425403386,604,901,472,36427,35955
508,1777425402782,1777425402485,1777425402980,1777425366959,1777425403466,684,981,486,36507,36021
509,1777425402782,1777425402883,1777425403015,1777425366959,1777425403547,765,664,532,36588,36056
510,1777425402782,1777425402883,1777425403052,1777425366959,1777425403628,846,745,576,36669,36093
511,1777425402782,1777425402883,1777425403114,1777425366959,1777425403709,927,826,595,36750,36155
512,1777425402782,1777425402883,1777425403211,1777425366959,1777425403789,1007,906,578,36830,36252
513,1777425402782,1777425402883,1777425403289,1777425366959,1777425403869,1087,986,580,36910,36330
514,1777425402782,1777425402883,1777425403289,1777425366959,1777425403950,1168,1067,661,36991,36330
515,1777425402782,1777425402883,1777425403289,1777425366959,1777425404032,1250,1149,743,37073,36330
516,1777425403438,1777425402883,1777425403450,1777425366959,1777425404114,676,1231,664,37155,36491
517,1777425403438,1777425402883,1777425403582,1777425366959,1777425404195,757,1312,613,37236,36623
518,1777425403438,1777425402883,1777425403651,1777425366959,1777425404278,840,1395,627,37319,36692
519,1777425403438,1777425402883,1777425403717,1777425366959,1777425404360,922,1477,643,37401,36758
520,1777425403438,1777425402883,1777425403782,1777425366959,1777425404442,1004,1559,660,37483,36823
521,1777425403438,1777425402883,1777425403817,1777425366959,1777425404525,1087,1642,708,37566,36858
522,1777425403438,1777425402883,1777425403950,1777425366959,1777425404607,1169,1724,657,37648,36991
523,1777425403438,1777425402883,1777425404185,1777425366959,1777425404689,1251,1806,504,37730,37226
524,1777425403438,1777425402883,1777425404216,1777425366959,1777425404770,1332,1887,554,37811,37257
525,1777425403438,1777425402883,1777425404216,1777425366959,1777425404853,1415,1970,637,37894,37257
526,1777425403438,1777425402883,1777425404279,1777425366959,1777425404935,1497,2052,656,37976,37320
527,1777425403438,1777425402883,1777425404279,1777425366959,1777425405017,1579,2134,738,38058,37320
528,1777425403438,1777425402883,1777425404451,1777425366959,1777425405098,1660,2215,647,38139,37492
529,1777425403438,1777425402883,1777425404513,1777425366959,1777425405180,1742,2297,667,38221,37554
530,1777425403438,1777425402883,1777425404513,1777425366959,1777425405262,1824,2379,749,38303,37554
531,1777425403438,1777425402883,1777425404913,1777425366959,1777425405344,1906,2461,431,38385,37954
532,1777425403438,1777425402883,1777425404913,1777425366959,1777425405425,1987,2542,512,38466,37954
533,1777425404907,1777425402883,1777425404948,1777425366959,1777425405507,600,2624,559,38548,37989
534,1777425404907,1777425405018,1777425405017,1777425366959,1777425405587,680,569,570,38628,38059
535,1777425404907,1777425405018,1777425405147,1777425366959,1777425405668,761,650,521,38709,38188
536,1777425405011,1777425405018,1777425405178,1777425366959,1777425405748,737,730,570,38789,38219
537,1777425405011,1777425405018,1777425405214,1777425366959,1777425405830,819,812,616,38871,38255
538,1777425405011,1777425405018,1777425405314,1777425366959,1777425405911,900,893,597,38952,38355
539,1777425405011,1777425405018,1777425405349,1777425366959,1777425405992,981,974,643,39033,38390
540,1777425405011,1777425405018,1777425405349,1777425366959,1777425406074,1063,1056,725,39115,38390
541,1777425405011,1777425405018,1777425405583,1777425366959,1777425406157,1146,1139,574,39198,38624
542,1777425405011,1777425405018,1777425405650,1777425366959,1777425406238,1227,1220,588,39279,38691
543,1777425405011,1777425405018,1777425405711,1777425366959,1777425406320,1309,1302,609,39361,38752
544,1777425405011,1777425405018,1777425405919,1777425366959,1777425406402,1391,1384,483,39443,38960
545,1777425405011,1777425405018,1777425405980,1777425366959,1777425406484,1473,1466,504,39525,39021
546,1777425405011,1777425405018,1777425406027,1777425366959,1777425406566,1555,1548,539,39607,39068
547,1777425405977,1777425406003,1777425406083,1777425366959,1777425406648,671,645,565,39689,39124
548,1777425405977,1777425406003,1777425406146,1777425366959,1777425406727,750,724,581,39768,39187
549,1777425405977,1777425406003,1777425406357,1777425366959,1777425406808,831,805,451,39849,39398
550,1777425405977,1777425406003,1777425406357,1777425366959,1777425406888,911,885,531,39929,39398
551,1777425405977,1777425406003,1777425406449,1777425366959,1777425406969,992,966,520,40010,39490
552,1777425405977,1777425406003,1777425406483,1777425366959,1777425407051,1074,1048,568,40092,39524
553,1777425405977,1777425406003,1777425406581,1777425366959,1777425407133,1156,1130,552,40174,39622
554,1777425406509,1777425406468,1777425406618,1777425366959,1777425407215,706,747,597,40256,39659
555,1777425406509,1777425406468,1777425406673,1777425366959,1777425407294,785,826,621,40335,39714
556,1777425406509,1777425406468,1777425406783,1777425366959,1777425407375,866,907,592,40416,39824
557,1777425406509,1777425406468,1777425406845,1777425366959,1777425407456,947,988,611,40497,39886
558,1777425406509,1777425406468,1777425406845,1777425366959,1777425407537,1028,1069,692,40578,39886
559,1777425406509,1777425406468,1777425406845,1777425366959,1777425407618,1109,1150,773,40659,39886
560,1777425406509,1777425406468,1777425406845,1777425366959,1777425407700,1191,1232,855,40741,39886
561,1777425406509,1777425406468,1777425406845,1777425366959,1777425407782,1273,1314,937,40823,39886
562,1777425406509,1777425406468,1777425407252,1777425366959,1777425407863,1354,1395,611,40904,40293
563,1777425406509,1777425406468,1777425407314,1777425366959,1777425407945,1436,1477,631,40986,40355
564,1777425406509,1777425406468,1777425407314,1777425366959,1777425408026,1517,1558,712,41067,40355
565,1777425406509,1777425406468,1777425407314,1777425366959,1777425408108,1599,1640,794,41149,40355
566,1777425406509,1777425406468,1777425407613,1777425366959,1777425408191,1682,1723,578,41232,40654
567,1777425406509,1777425406468,1777425407648,1777425366959,1777425408273,1764,1805,625,41314,40689
568,1777425406509,1777425406468,1777425407648,1777425366959,1777425408354,1845,1886,706,41395,40689
569,1777425406509,1777425406468,1777425407848,1777425366959,1777425408436,1927,1968,588,41477,40889
570,1777425406509,1777425406468,1777425408050,1777425366959,1777425408517,2008,2049,467,41558,41091
571,1777425406509,1777425406468,1777425408081,1777425366959,1777425408598,2089,2130,517,41639,41122
572,1777425406509,1777425406468,1777425408081,1777425366959,1777425408679,2170,2211,598,41720,41122
573,1777425408044,1777425406468,1777425408213,1777425366959,1777425408761,717,2293,548,41802,41254
574,1777425408044,1777425406468,1777425408280,1777425366959,1777425408843,799,2375,563,41884,41321
575,1777425408044,1777425406468,1777425408411,1777425366959,1777425408925,881,2457,514,41966,41452
576,1777425408044,1777425406468,1777425408411,1777425366959,1777425409007,963,2539,596,42048,41452
577,1777425408044,1777425406468,1777425408411,1777425366959,1777425409091,1047,2623,680,42132,41452
578,1777425408044,1777425406468,1777425408616,1777425366959,1777425409174,1130,2706,558,42215,41657
579,1777425408044,1777425406468,1777425408616,1777425366959,1777425409256,1212,2788,640,42297,41657
580,1777425408044,1777425406468,1777425408616,1777425366959,1777425409338,1294,2870,722,42379,41657
581,1777425408044,1777425406468,1777425408616,1777425366959,1777425409420,1376,2952,804,42461,41657
582,1777425408044,1777425406468,1777425408616,1777425366959,1777425409501,1457,3033,885,42542,41657
583,1777425408044,1777425406468,1777425408878,1777425366959,1777425409582,1538,3114,704,42623,41919
584,1777425408044,1777425406468,1777425408914,1777425366959,1777425409665,1621,3197,751,42706,41955
585,1777425408044,1777425406468,1777425408914,1777425366959,1777425409747,1703,3279,833,42788,41955
586,1777425408044,1777425406468,1777425409215,1777425366959,1777425409829,1785,3361,614,42870,42256
587,1777425408044,1777425406468,1777425409313,1777425366959,1777425409910,1866,3442,597,42951,42354
588,1777425408044,1777425406468,1777425409447,1777425366959,1777425409992,1948,3524,545,43033,42488
589,1777425408044,1777425406468,1777425409548,1777425366959,1777425410073,2029,3605,525,43114,42589
590,1777425409524,1777425406468,1777425409614,1777425366959,1777425410155,631,3687,541,43196,42655
591,1777425409572,1777425406468,1777425409658,1777425366959,1777425410237,665,3769,579,43278,42699
592,1777425409656,1777425406468,1777425409720,1777425366959,1777425410317,661,3849,597,43358,42761
593,1777425409656,1777425406468,1777425409879,1777425366959,1777425410398,742,3930,519,43439,42920
594,1777425409726,1777425406468,1777425409879,1777425366959,1777425410479,753,4011,600,43520,42920
595,1777425409726,1777425409796,1777425410047,1777425366959,1777425410561,835,765,514,43602,43088
596,1777425409830,1777425409796,1777425410184,1777425366959,1777425410643,813,847,459,43684,43225
597,1777425410145,1777425409796,1777425410279,1777425366959,1777425410723,578,927,444,43764,43320
598,1777425410145,1777425409796,1777425410314,1777425366959,1777425410803,658,1007,489,43844,43355
